sample_index,source_trace_index,case_id,variant_frequency,trace_length,trace_sha256,alignment_cost
1,19218,Application_714929749,1,73,03cc670e9f92a788b6b1e97418462026630d6cabd0df88714dcc84f7eadab45c,0
2,2536,Application_405889238,1,42,79bafde9f5b67a1a1dfcdea7d14e867ddb6323c86ac5c7fcede6144619ee64e6,0
3,476,Application_368633868,1,42,9b78884ec142294b8e5ff884f82c6b875bc21adc78638c6023d53a037a5925a6,0
4,23110,Application_1465496190,1,42,720ec487574e3365b69397861cefc9145409fa793ed40f04a413ba215580be84,0
5,7705,Application_1183289817,1,90,2b588e9605c82a875ba254937703e989773bdffe99591d96cbaa504652094a99,0
6,6745,Application_1030054529,1,59,8a591aade3192b4091c0d34375464febdd0fe97cb262ac57b889e10f88f89edd,0
7,6042,Application_619220322,1,56,58a4c81deeca2fba3db59f47d9cbdcacb8470ab52fb718c8025cc38c4d201d95,0
8,3364,Application_419944128,1,41,75ebb117fff9fbbec76aa45a45b73d8f813d0d912ab40d7f3658b07fb5d3d1d4,0
9,22915,Application_2040998289,1,40,b2f1ee96c733c491d8261d0afdb2dc46bf58d051fcfab840096332c6bea1310e,0
10,2325,Application_1152251519,1,42,f5194d98db4e51b0c7fa178039b10dd6bde01a8105d9dc6a7a2e034468a4003f,0
11,20545,Application_27269617,1,68,9545a2021149059898d0273ac6c8f5f7c41b813a4b2c149c4341763d03d51387,0
12,23078,Application_2012468106,1,55,f7107f3a513910edca7704657046428dd2692c9b5c950745714b8d3608c9afb7,0
13,28636,Application_2123334132,1,54,78cd15a9afd661b10ad74afacbddc78edf607e174d2033d1b1783019c0753d4c,0
14,15939,Application_833766044,1,63,c1b578bbd21ddd0bb32cdc8663e46b7e95eeb18fe8093e5857f0042167a74cd2,0
15,1928,Application_889482237,1,41,672cf8b470fda74a3dd2baf1eaaafc9f2331ed454ee497a639771931d8b9996c,0
16,17425,Application_2096375121,4,33,41469a8fb5e578a654bd7e4fc568983abeaf35b318344e1e1098e0a26131729c,0
17,12132,Application_1207781516,1,28,f756a5868e902aae9d3e65474f4c5af2fa9e401ba40d423ec21005b164b69e28,0
18,605,Application_524679066,1,48,a19877a41774ad8d931d0260792900d0e974dab55df5f820c82b36f5599d723e,0
19,561,Application_275430191,1,48,71b6edc0b024ba75faf6442f9f9a3d6ad582ba55c3b4bb58c8d55d14882e2651,0
20,2096,Application_1434353417,1,43,9ced03b128bc1b7d5ba753f4c423349810df613baa3ac22cf4cc2e10bd799a7d,0
21,5861,Application_2071543732,1,58,f143506ebbd4dcfd61755c56390d92c1f27527bb52bb21e91fd48656b1d3e503,0
22,6349,Application_1726104496,1,47,3f362041e6227ddc0184da0187f0a503c413325033afb9db62c4135c10fb8a71,0
23,14643,Application_2000446983,1,45,98788c2560e510d3b90c28b3fef06a6e6911072fe98d3a49f4ea464460658d59,0
24,17837,Application_1473697105,2,33,27375dc3bdcde818352260e5b30afff50a89e9ee542c86cdf139986e3a8ab617,0
25,504,Application_1662197696,1,31,de2341482994df5ebd75024aa226902674f13405f76386da53000fc2dc04c171,0
26,16445,Application_870644031,1,44,a2897884c1907c05e1f0244f2a1e2edcbcaf15493fe53a2f619bb0a0ae22b579,0
27,5187,Application_505063978,1,61,e9d6d59f1acfb11aef45eb2baed8a2c184fae400cfc231f101faa9c1425e66d7,0
28,22067,Application_1834532024,1,59,a430f60095e1400bcc3e33a375bd7c71a858f5d9cd82e9edb7aea7ad729a6c6f,0
29,19590,Application_554175753,1,66,a586668b9eb76f36bd767450823b91507a9bd69a722ce0cdad3600de9b219d9d,0
30,21468,Application_1221241673,1,45,54464fcc51df1fcbf7a5032424d0bf25d9ebaf467a871bbfdd50ba37d7f48355,0
31,15926,Application_1223811498,1,53,b361484373a5b3c9f3d83ac607309328343e0ca70ddd93a7a1cc020050189619,0
32,12061,Application_951640089,1,58,9ff4fa7ff888c9e60e2b67d114831d29fef46c00306458dde0763a4658ea125d,0
33,5935,Application_802322754,1,55,596a4ef345e2cdc1557f81029c891c1d35490bda3371dbe6c360abb7a3855bdb,0
34,13004,Application_1803180054,2,29,e4d5fb2399b4511aa174487fe05dbd4ad29da06fa339f7b6f9f6b32579f6b2cb,0
35,17373,Application_593511436,1,39,fe58629d3f21e10c81e0aedbb8759a17ea209059fe13ea684abf3470761729d9,0
36,7789,Application_444033179,1,36,825c5b1321f7fc641ea66022079337e56fa9c3acd18b463663bb314228ce45d8,0
37,25634,Application_567052727,1,34,0b44729d8bd88eae815e4bc38ea4d146e3fcdca642f34bdb0635f157b174630c,0
38,27808,Application_1115432729,1,34,faba1b4dfaffb579ce5254f685683d3657ee7b53f1c4cae39670b64357c1170d,0
39,118,Application_1696031128,1,25,ab6d28fa0d7951128322c2837b3c02282b25a28299d064bef9bc7791ae7ec1bc,0
40,23726,Application_1140663211,1,45,356767ef5dbdd216954010d5e34b0a84207e237decdc35e48eec37abeefb197a,0
41,25490,Application_1273835556,1,47,d589b90491a2f006c879a4e5f45ffe6b583eccc4e48dbabd9a6510a08053de8e,0
42,3987,Application_1454926128,1,38,47ae8d68cb533673c02876edd51f9543f44679c44663fd50708e800abb136281,0
43,21329,Application_1760819636,1,51,72f1a6b6ab380d9cb977e3106aff1e2a7ae697ec112b4674d6c642ee2b9df6f1,0
44,12153,Application_1434596911,1,63,db7e344b2057171da466685a97bf489343b4cb32b8a920a226e17257912b3e2c,0
45,9795,Application_360196526,1,56,7d9abcb23581a1baea10ab8e9aa090e45ce81532461f0af25c7c7dc462ac99c2,0
46,7784,Application_312403940,1,82,2138c64b7b6531af803d9e8a85610536b26c5eac5e0eee3c28034a3e863c32a1,0
47,3851,Application_494594734,1,47,4aa1cf30ba1233a54c42408c9f44dd4368a8a7fdae04a4629c0628f6995dae7c,0
48,5745,Application_1513883916,1,35,777c0f357b4a8b6d2e71cc1ad9a3db09c411d02471b202a41a732b7a93d455c3,0
49,30977,Application_597870415,1,53,8c8db784f166fc34049dc155a91ea8cf824826c97d8a4ad4fe0927948f5a7ba8,0
50,23902,Application_810348628,1,41,f8cc5f3c6d273e7371730713b8776c7ba381597a0d49723915b01183427295a8,0
51,9682,Application_1695436993,1,48,84d9ce525972623098bf11ef9280af26f647f5192e30b9d3affb622dab3c1055,0
52,2316,Application_1685289510,1,61,c465b9725a15597c869ed5d9dc81fca04b68922c9279c818d108048ee271a334,0
53,2070,Application_721267553,1,48,2327b956d0ac33a34ae6f47f129dbca4aed0f099a889f6e32abb03f65d6ba23c,0
54,10904,Application_478157343,1,56,9bb20f41c768bcc94769cad24cba0a30c43c98b4dc63bac5b7f5f9936591f3f0,0
55,2168,Application_190864626,2,29,7a40293e5a08b193031f328ef8bcf8833e23c0e971e4e1a83a25d23ad74531e2,0
56,10341,Application_1282499670,1,47,ef3ea609516d57be9db074cc5d4ea0c094be3d418ed9e62936e6094b6ba52676,0
57,27006,Application_1839957236,1,34,0ca92ba4d27c0cd1f82a9e2176ad41e458ea5ac6a7db0d3341ce40dae73f29c0,0
58,9888,Application_1009342776,1,55,d55f321010ab8f07025ded26cfd072878bf23dc5e94e971de154d173df0b6fb1,0
59,17905,Application_772789398,1,35,8c49c850dd2d14801e03ca274b1e3ca316d756dd2b6b0eb2acbd73436e7616f1,0
60,7370,Application_1638539031,1,61,26ed94f6146b156771b356c7588a08a05803cfbc5d2e22704fdb68b294667fc6,0
61,25546,Application_306812685,2,39,d868a4791a49f41ae1cbd645e4db46bc69400fddff7a4f61a1e6015c2e416a73,0
62,865,Application_107632320,1,45,3f9fcfcdbd762a4c3509f2e18cb49d7ddff0df970a4364ff602ff21ea8f794d9,0
63,22656,Application_1826921669,1,30,cb801545b6f4c111df7dc24c9dc16b34a2e18aeb82604846643ab07b050765e4,0
64,13339,Application_690820047,1,65,a76ecc13d4146807f5a3730553ffbb1e482dbddfa10f5c6a898978f2cd26db70,0
65,15623,Application_237909779,1,34,676ea423321e75f953270a4dba9d74e6461d944ccf9da1c7c7975e8eeced23e6,0
66,2936,Application_547763286,2,27,d95abdc8b693cb508dc0796b3b459bea9b16088b1ef5f0f7eda8a6f8d38eeabd,0
67,29654,Application_1904961288,1,59,19061d4eb8c9d2528b060fec6c16d07b9a84b5b676b227f3e5aa438eef07b3ba,0
68,10869,Application_1777798172,1,43,34049092799e83a24190fe0793c2e68e3465c39c1ddeb33e8965eaa458905201,0
69,1728,Application_1902119268,1,43,b1be28f08ee8cd6b8e0d9bc1f50e2493143ca681fa534042a237b0cc7b3ce930,0
70,16150,Application_143169917,1,23,44c6edd0be11c229cd8dd62391388ca58c0c83d435ce0c06b2a7b62d10d64774,0
71,8299,Application_1283367042,1,54,455bf67623010d856394ee8444a351f951b037fa8af89816d87b211f52752af4,0
72,26378,Application_519214643,1,50,b3fa93426a831a08458bfb8e67982430b05974be28c4d36eeaed1d93449adf81,0
73,18799,Application_1017028247,1,22,402fe8c2c9d337333a0d275f2e712eb134a119e306a218d62703dca6fa208428,0
74,18445,Application_1599386584,1,31,8830c587c1c1bf5115729819cbeb1e4320d7d81437e1905920226bb63419a475,0
75,28372,Application_1158368771,1,79,dd5bb9f0b99fe4079b1c9f08c46e6349cbe54a3ed36e2f7691a7d2be40012c3b,0
76,27521,Application_214939523,1,67,fdb5035f7299d64cad6b349a3e972202e98874432924471f2b9133942fe0ab9a,0
77,10410,Application_1515235165,1,28,5ab1a4cca2c5e996e8cd5a3af6d3b6f8845a7616f240daca0997884029a98ff7,0
78,16969,Application_1703692771,1,27,255ebda7437247b1353638e780812f32113339c3d9aef26f8c63189551391bac,0
79,4996,Application_844486389,2,47,bd8c48e1f77c6c03d7f70e43320e7d9664a9edda3d6bbf825d69a138ad827798,0
80,21598,Application_562779064,1,67,6db1e78fd6465b78957e9209776a96da40d40a99ae1827b944550fc234f3113f,0
81,1509,Application_302165417,5,24,e4a2d80cb50179ae24abb53b0b825e03e94f3c0f87644ae4d8ffff0c14d91520,0
82,921,Application_2039099639,1,30,e740815d71586ea65499d68d4699c6093783e8bb78024f43a2aead79c4a3ce14,0
83,19976,Application_1647108674,1,58,26b4f06d09f5fe279e0812795b42a1e157bd1bdc608caf4b2b8375276dcd5887,0
84,6198,Application_1907476123,1,54,ae79e0422e7bd0c2dba9f06cd1a506f96904677a5fe27271433376296fa85157,0
85,24239,Application_1368079884,1,39,5c93f31edccf325e10e762d85523b457aa7d400a60b218ace15248c6ae699efa,0
86,8160,Application_1527986766,1,45,96f3ce4bc0a810eee25bd799e323939936fe5c6f018bfd301d00f9c8680b5644,0
87,1757,Application_1972581511,1,61,2bab09a2a26785921c94e8f6aa9ea31afc8c408d5410ef95b2a67477dddf9651,0
88,27293,Application_156087508,1,51,014f679321f1ee171dd914656ceb32d0517cc0afcc430f23d8c549a4d2be5743,0
89,6358,Application_287984851,2,38,4dc8f40ee102447914cafdde6578a8e4abfbd291f789c9115c798b4c936965e3,0
90,27711,Application_2027799986,1,28,e46752b3d9b64e82d772758d8245bb36452282f460843bc75c8d12ff8e63e034,0
91,2281,Application_2081270236,1,56,7cd916f1d714b11383481bde5e5770a13fca9bdb990bdd0f38b962c0cf100394,0
92,10907,Application_983875383,1,40,0fb74484a6fd39acaca356b2e734ebbb0c06d83144700a1a9e687ba0ce782ad8,0
93,7786,Application_2123207704,2,33,dff3f814f638c34e17c7dee49e603595c2e21aedd39f00af1427f1098bc43e16,0
94,13149,Application_1465423467,1,63,dc2c7345b2213bbf93575193c94f1508ae77cf0b24789f4f76497f25ba0e24cb,0
95,19083,Application_1965524505,1,59,71cc3f248d0c7965c7342c997f52db84c5db1c05934c1aaff04b086836088c2a,0
96,26529,Application_1873532965,1,40,033e5630a58b45b1a4968de34b2d238c113d79a183bf32f89e92b790769b158a,0
97,10511,Application_1131111908,2,34,7d52307718f229dd0b338bb61933501406c0f80ad7b3a05b52fed3942767d12c,0
98,4080,Application_1375498471,1,49,b97d252e43bbd035e63a5f0f079643c60b9fb3eeb8bc45f9c712ba3e1fc75386,0
99,10659,Application_1455692161,1,47,f58be494d7b681f9eff643ee232c2535ae7239fa35b79e2a5c7956419d28b806,0
100,10243,Application_1119561257,1,59,a9aedf6a6fb7ea7e9e8b5790b684afeae041d3328421816da4f5e19933cde907,0
101,5500,Application_1256078078,1,48,01d64f113447e9937b5530d8fd519aaf79f4af19cbc14451e559ecb088b05839,0
102,20290,Application_1207840744,1,33,63c3aba1b3371be789e68289928ba3860d9e3be68f71c914956bc4ca0afe38f6,0
103,7446,Application_1896272833,2,33,516acdef75dddd2c983aed6b7fd514a445cb45c8695008f38a9e23907771b063,0
104,21482,Application_1614337191,1,34,0176daedb5e88f380ede5e7dae2e6d0ae1908ed850f3a7ffc7ef54a275b89a63,0
105,30177,Application_1859157542,1,79,97a03551a8ef4a15bfe16687904ff4894c74a3e75e05148bed1231fff573a317,0
106,20824,Application_970837782,1,81,8aae10aceec6644df45e88e7ff20da48ff9973e3033ffc5ea5a48188890f11b7,0
107,19517,Application_1829078276,1,39,1dc3ddd643b00b0f5ebd8128c84baac12c72a52128019cb195cd1057cf8af7ae,0
108,1560,Application_941373642,1,59,4f66e96001b61f7538772eb614f6bf9746c1136ca2b41704fcc56ab7c68fcd9e,0
109,18104,Application_281347151,1,58,4583445700021d25b5719b60604ddebd3b672c932f5325d002d80bed1f865968,0
110,19039,Application_828334298,2,43,146e280d0c250f8dd29277a828b5cbf0d601bfdf4c01ceaa5e010ce11bb71ec5,0
111,4334,Application_181623453,10,31,00851749ffa02530c71dc1f4330128677fcdacc41d190ddeb7c38ef764e1b928,0
112,15547,Application_1227849499,3,29,df461a39e2c1169e5f1953d2a82cad051c2352d9a4a52e9f2da12887f304ab6a,0
113,22635,Application_2072055182,1,63,33f31b2e9097b2b4e086f3358755eb1f636ef6ff9e07c7770b20e9ad4c424f3d,0
114,6740,Application_271407289,1,57,5eef420ec58f03c65e2b03eac8f1749c479c71d191a8ec08f90b6222c4880764,0
115,4106,Application_217044343,1,43,8438bdc4efb932bd6da5ea102bcc1bd2d993542f709ba5bcefa85ba8f4c806a6,0
116,13424,Application_1952666081,1,30,9a178f36e6fb992e41c9ee74d762544529703cf2a02d93bc538be90345009e95,0
117,10891,Application_121729357,1,56,9c61c8f07ac863b48d5456cfdec7c6cd34aff09cd7dc9bde9e81f93a94994cd2,0
118,7551,Application_1699666907,1,56,7d5c4fa71b672a3bd7213dc51b87cbd942b836a89673bbba19bee12373e693db,0
119,29775,Application_967577338,1,49,8acd173be5d0c89f3bee7800f2476ba37a920270343606efcc39ff9e0022298e,0
120,19229,Application_1879509147,2,42,6f837d4bf316604a3697d14ca8e2c405c2691486f1b6fc20628bac263a8a53fe,0
121,20977,Application_162158054,1,60,c2bd8c95844f07aa1a5d4e352a82c946260e10d0a804e9959de6d9fc7fff6408,0
122,16327,Application_880692737,1,61,7b8a5571ccf624dbd5be4b5bc4dfd784a3cd3f2e8c61fbc2ae3d204a1deb931c,0
123,5893,Application_1475271790,1,98,ccc12273eb42de1edf9bb59cb37a80d60b41c92c491340af47d4847d7fe6e4cc,0
124,20859,Application_130597015,1,34,c0131fdbe8b59f462eccc7b9de6000ecc4999dac671326a24d7b39bfb80ea29b,0
125,9309,Application_1042621630,1,80,745371d11585385401893a732e118b8a810b3b64cd30003199fe2f0dda689541,0
126,26846,Application_2050571499,1,48,b751ec2b602960ae26efc2559b37767e7d9be686e0aee8694d7002927defebae,0
127,24070,Application_400792658,1,45,547ebe82a0bb4fed76a86f709c139e85b2c001c22a8ac13bbbb4443c2836ac1a,0
128,24358,Application_320538845,1,48,6039a17a299cbec8a7e1a78ff75fc60af4273cd081954a89dba5d4258666ed7e,0
129,1175,Application_1077268062,1,35,bfc786718969ea79da0446d33facd45013097c03911649134213c541449397a8,0
130,6238,Application_1623702766,1,68,aa30055cfef5f0c6f70a72fb63ba11f3701d4a67d6074299474859c9a8a914cd,0
131,26063,Application_940496739,1,61,401f37cab63eea8746af1c1876c4d4693bf8b2d9dcc817f3fc6c98175f9c7acd,0
132,610,Application_296383634,1,36,7d4dadcc2890a32f7904b79ba638d3713f37b84997fbbcd539948deb810bf049,0
133,25460,Application_1951442644,1,38,cf51e5ff5df66fb22181e180d070726771aa6db23652a883ce8a5e6a760797db,0
134,9040,Application_1314468939,2,38,d80ce80244739e02be33b527886161a7aaff3e165bd55aa2352da0e60dd03212,0
135,11536,Application_1565566306,1,25,57e91a730ef7f496d48667d847a16ccbde284e898dd438ecde2bc4b619030494,0
136,7476,Application_1911537483,2,30,3e04429ea2c081680f363904e810e3d6f7364837f76fc22200124b1a9b7ff4a7,0
137,1436,Application_1426517064,2,46,06c727045aba377f31e5f831ffe3451e1935cbc759b5d1e10cc4812083455f15,0
138,5558,Application_1258746465,1,33,a943df1e97f96ff2f907d5c17e515a4bc9b0182fe4e07c7081bd7f3871517261,0
139,29340,Application_458098005,1,45,234627ad56fa6d10e94562668ddf4e890f0c1981afbc043ddd5329922ef77d4f,0
140,30440,Application_744357049,1,47,7e23aff537558c34e1a794ff1486f550215335de152bdf83414f897d57c0fa27,0
141,16641,Application_1376997987,1,52,d0b0ed3d18378a3df30b826f9abcc25f4d653ba927fbd4eb24cdcc4d684ca4fd,0
142,28064,Application_1168237766,1,55,664c3b3b848b3bf8d803302cbcd9d5c7e24bc315884b202d8a6258a7f541a0cf,0
143,22159,Application_1555216362,1,43,41627ef27c9328d05d7f9569554d5e423ca0f2eb3c155f924ba97cb98477666d,0
144,9018,Application_1431602846,1,119,83b5786164e43f7e8dfba26ededb2b5b069dbd9a6ac3251424be79983cb9d1e8,0
145,5632,Application_1874226125,5,35,81a9331bcecb6a804d591d13ec75c1c6b4998d3f697c9c027a2618b193860ba4,0
146,19780,Application_1970637517,2,17,e6111517833dba272a7b2864b597a3f0aae99e8dd659ed2796b23cc800f8a761,0
147,14507,Application_306566754,1,67,0cad30ffdc43d01aa9b2625fa383f22f5ba3e5549fa37ec5e7f15044802bff6b,0
148,11377,Application_1150934823,1,42,d2b46181a0e21721f3e41b17cd4647ee48c5045421ff62f115c55acd140f3cd1,0
149,28347,Application_849742887,1,29,96c65c762785a9a8a202fb233a655ae09b7b79797c20630d85befeb51e8c5d93,0
150,29381,Application_701033782,1,45,6fa12f8b78ba2ca407aaaa46b898873b2176f888ffb4d16251e14604f82e9211,0
151,19333,Application_1398191679,3,39,f270e9a91640ddf5070e44fb39d33e1d0504c2f0c3aadde8034bee0d81fa7646,0
152,13325,Application_1068246239,1,52,abf5a6e3a2505c16fa2252bd4073ee7a4bb91dd53ba1a33531e79f5194f7e862,0
153,3479,Application_1807815107,1,51,8ebcc52c876a96b6ee822bd3402efd2f855542b1d67bf8254539e5e64c30b3d9,0
154,7383,Application_410097901,1,61,b1d339d392d7e8b3d583a8d583262a4a71016a7a8066cf5d588c1ace93a0c6ac,0
155,3365,Application_224754935,1,42,d61ddf1ab85c8abf8769b60d6152cc1cca8e7cd43b7897a96f1bd934765ad249,0
156,6801,Application_831145369,1,36,b3895293db9340df2f54bacddcf3b7bd34acc1b4b252a1f888c4a4c06138794c,0
157,23224,Application_931038541,1,39,60f10344dac89f8ab6019d083f1730721c2a2fca19f095b2b09324ae63a1be97,0
158,16448,Application_1312786789,1,83,3a6a9d3cd3fae164cb136fe03d7028d5e35bcbdc06d7f84d696873dbf346ebec,0
159,15724,Application_1734458355,1,108,52bcf83f4bd544346fad4911e3ca9e9f3ca5fcf3062abf25ef91379586fdaa77,0
160,7320,Application_740190804,1,40,be7d259f58b96b4804f8c5d2fecbfe88414cc4ec46ed9d327a708af6b2a11a2c,0
161,23297,Application_182712917,1,95,b86312a11b42c894de10c7f03e55abc1bbe113c47bf0e25b284be6eef0d67932,0
162,17212,Application_1051268159,1,40,921066ae5f44e45001353c15386e9a3106fc62d26b402b11f3f7d4cfbba57fc5,0
163,12337,Application_1101061206,1,56,e3adacf2ae4c9e41b491f6b96b3017d551e1779c857e48139086f0a00da305d4,0
164,28818,Application_459683568,1,93,936077e938a511dc56b8ef7dd9e57ffc6aa63c2fd50021bde53e3d1f022704e4,0
165,17185,Application_696063574,1,36,f3a1b2b2f0ac1573d7d2dbc03680e154463bcc8064bddc30504459d1339f8b7e,0
166,11495,Application_1448220122,1,48,fac222afa54c90b15bc6eeb0d64da4e4706250ffd38e14c1ab682660f142fc50,0
167,10417,Application_477997985,1,25,cd76ce87116e0d17adf1a7086028c0da60120571c146bec0105d789766aa5c10,0
168,5883,Application_88487526,5,24,03decd2ae7b1b3986fc6591a5140baf73544c50cf1a0d07ebe9b1dd4e7ebbd8e,0
169,3333,Application_761367685,1,41,d928f058d710357b1a991b42bd519985c0933682401356d0944234ef1109700b,0
170,14760,Application_1385507757,1,68,75c0aa3d900074986503e0fcf7ef81c54dda8fccfead7032b8c12e556cf0ba78,0
171,14352,Application_2108613059,1,30,4d1c74f8af91d2655cfdf0326d7f290f8d53a219ad8d9ed59e1bd53dec501123,0
172,2025,Application_1165099041,1,61,42ed1da4e8beac8047eaf0d807f868dd80a98a482b49eee64d609ca09dbc85b5,0
173,23606,Application_1253225820,1,53,fcb928a83b1d0774137b345796825ef5284c7961ec5d7dc189843e6f45e29c3c,0
174,958,Application_2127502880,1,66,188f36fd525556f0fe5cfdb68696cc1ce6c8ddc9643686ca5894cd2658312ded,0
175,27494,Application_2098518347,2,50,e6e0516e034fe99356faa736298e5512d2f93c1bc35aadf47514a9bf1e4b2316,0
176,2490,Application_2095799235,6,34,b3258ee0b6e65c20d89f3728de92b371d7fe2850c4ce415ef40edec98dd78f8b,0
177,3784,Application_517366421,1,37,cf50361706b0652a0fc573bd7cc13b1a518e85edf22141e296351b35dde912a0,0
178,18768,Application_1540523838,1,73,aee5f8a1d3e436b031e1bb17ae08351a8ccd91914bf758b37267a0521304bdc7,0
179,3995,Application_125636605,1,59,10772b7579f463d690e0074aabbed260376555af88bf1a90dffd263366f84af5,0
180,25005,Application_298026760,1,72,4d4a619c892a8dc644ba60d0971b34b4b340df36bb47113cdd9b37bcc232cdba,0
181,20712,Application_1022053539,1,47,62bf1bca2c8d009a0bef94f1622248a55111063040568184f7b31814fedca0b8,0
182,12138,Application_31575150,4,30,025341f9fb037ae0867acd7565ef478b5a25087b65c4e5901954606a2161c5e7,0
183,17636,Application_1331865983,1,43,f27910e46ddd6aaba5d082452c661dc9cabe2ee503a58ee9aaa44b25a18cd421,0
184,1370,Application_2083125755,1,35,99cb579265e90f8318855f4cb138a1ad88b2203ab238ec6348b8abffc8075d2c,0
185,11051,Application_1519436671,1,57,c591fcd3935cddfa15244e9d8d101541a7d19424214cda99c131cb08f2d1c809,0
186,10952,Application_444182929,1,52,3910f81622f2a30dbe386eba19429efecd29caa844ec96ee9445989c43ddae56,0
187,17612,Application_1807854777,1,38,2c6822cb62416937d4a3e39116e241af002ab24c2df3ecae4d87c4514268f630,0
188,13612,Application_713521130,1,44,f3e25dfceea90a257183c440195a283ecb1e3f84e5297463f8338e0e352eef17,0
189,15360,Application_2140141136,1,97,37e00e1a44a54feaea082740732eac6ae7cc57f9d09b1930b2bf222cd0ff5099,0
190,6957,Application_1174431343,1,59,36dd119fb88cc3a8551802810d68484ec5138e7f107308698860dd0cc45105d4,0
191,31476,Application_2100121222,1,50,b1ef9d9acd463667439b4a22fc4982a366c284393e5cac5a6d94ab5c70c1e37a,0
192,16194,Application_705896380,1,42,992f683828c8f9a9893c0840dfec7d14a2e1e0a82a04038796b315306b53be68,0
193,27485,Application_1467934474,1,74,a20f98d3de3dd60304673c150a55c322c11a1e55b1371cbe815cce91493adfbf,0
194,30418,Application_1235145497,1,50,530b7fea95b893caaf9fd3754b1115a5068629e960e7e2b17737b12335fe3509,0
195,205,Application_1016816804,1,46,9b738851706bf728f8a33a5bb9b8cc4076c6ba0ca63fff89585b795bc2eff893,0
196,20707,Application_750434984,1,28,3bca8eb172dfbd645c5b174101be88a9f7a7aee8d0747fa6fb97ac0025b74d55,0
197,22273,Application_601584106,1,45,301cea2966265ddefd21f78152ceef4018277afaa621b7f582a2d22dc0b1339f,0
198,2632,Application_1666519543,1,45,aefa0d24a1c6edb34535bd65733d48c0c8ef283bc3d0f58f8e9143fd171b4cec,0
199,20759,Application_610732794,1,30,5eafd1b91d8d4072315f05726f78de79e530c375fe28e941b02f28e1ce88d3bc,0
200,28353,Application_1741874816,1,34,b0f52e53e49a8d9d65154dde581ae4e0f7f136816485357cec27f706b89ddd19,0
201,15650,Application_367098983,1,62,23e6621188f40e50ac940b00e03daf69ac94e8b8014b6d48f7b220c4184b22df,0
202,23435,Application_993171091,1,46,c591045fc05d72429f35178aeabac1b3b760e3d2762b98f676d73794a44bbff9,0
203,7442,Application_1559195255,1,60,449728165c3e592c9de0cd543c87dda4a968204a7f71b9fb8ee2d6fd868504a3,0
204,24077,Application_1782290741,1,23,686d51bae624feae3580830e834a83af5206882266697893e6b848a7276225b2,0
205,19269,Application_207114246,1,73,2d1c614f2d7bdf9a0aaf5e88dfa32824fdf5ce4795dd641d4be092d23d8a69e5,0
206,9794,Application_1433932097,1,61,9bb2089d3c848e9f59768c97dd445f346bc2efba24a93d67356a27b149dba82c,0
207,2541,Application_1295276940,1,47,412d790d464a14a75615862b1225080e4eb398f1a6cc68f08ad5b725e5c37507,0
208,8311,Application_1293544696,1,55,0dd5c4efb8f0996551bdaf3df47cafeb06a8e2161571661954e2cd57ff5d6693,0
209,12532,Application_1087846499,1,38,1b496a97758ee9389c4708d6f551539a8c562ba04b3946e29ebfc71bb0c567a3,0
210,3940,Application_622880437,1,34,2879130d2f7c8d9257184783ca58e8867c74b0847e7d0db81cff2ce1a7a14a3a,0
211,13160,Application_793007614,1,60,89a6bafb2184b815a441ad0d2d729326ba345f7aee8906cba55c83ad512f4d44,0
212,60,Application_2110144842,2,25,052530d4bed655bced688fc4c9ce16ab416aafbac26f9e35c321223263211320,0
213,30861,Application_1342479260,1,69,924c5fd49dca996b0c0e9c90eee4cc9ef9ad973702bb27b942ac32c3315bcbe1,0
214,22304,Application_1644913907,1,41,ee0821592d3506f1490ecf0f257d2298f5b215597860d9367bc1aa617ab52e48,0
215,28048,Application_750865641,1,41,66c4e30007f6916e2f20969a9b793fa9b4b45b61cfb78d7d38880c99f74b8fb5,0
216,22232,Application_1581333752,1,63,cdfaac5704d68d65bd66cf9f228903ef38186439861c6f7e52922d5793e3c9f7,0
217,7337,Application_186544966,1,49,ef12f63848d81b47d2e378266be1713b3393b2072d7152e6fdae8442c8847d7a,0
218,31499,Application_1544952493,1,43,41683696494b6d049ea01442991f117ab149988032e87df01f387ec7343e1799,0
219,14536,Application_1373010009,1,58,50bcbc540d56a734f0356a5696c0f3a56893c90a6c6fe7087723a6327bca63e5,0
220,23846,Application_2016914505,1,51,b72c909a809d77d9472de6140aed1b72b120e78ab18b8288c5beb090c22aba3b,0
221,4557,Application_1693585514,1,53,b11f8fe77430a3bf8dd5d7543840bba4690c2c1a0aaa3ce3dc7d7d4fed8f955f,0
222,14704,Application_121793783,1,34,f1bd3fb8234621f0baa59f7fcb0d2b79668540b87de1dfc36a1af3c1ee4b1276,0
223,29326,Application_1505801050,1,47,bdd74cf2c0813ac6cbf196aeea075d5b0596ff23d6afa1534656c7b4d8310db0,0
224,2405,Application_1035150389,1,50,0caacb8ac73a5210c188b1d913f0eeac0719023a6a4a1b7b40c1d9257f5f65e7,0
225,27853,Application_1632702551,1,31,3a77ae20542c98fe23448e05ddc95efbcc8a417b07c83185256366f31eb6b604,0
226,18680,Application_1364723237,1,71,aaf812899b23f69ca8c45d975efcb7fbe966923bbb4b12c01874f8da8e7d6f1a,0
227,8477,Application_2102588270,1,48,e2348aa8342bbf3120685faf0fe284ed5b48db538a8a0a046dd2fbdafc7e1967,0
228,26805,Application_562703048,1,28,d3a3f4a58799e9507416911170edbd4c7b6462f75fa935acdea68db64972f84c,0
229,19200,Application_32330697,1,32,b9b3f49b51c8c27819af7ed67f5a72caf9d7974cb4268b36a8595620b784e375,0
230,18099,Application_606885963,1,74,252ce29d0894f3cca5daa90a0c117ea20d1779c2439bc789c6e5f20560599494,0
231,5188,Application_935545252,1,35,98994a9924286222bc1c326e77fd688cb352fc051ff845eb156ef9567b7cae20,0
232,10756,Application_711287867,1,34,54229d75e822ffe2f5d7d2cb4a3a85d4d3c41d84857a6dd7fc5343b97d540342,0
233,23861,Application_1400829990,1,43,86ec61f8c311ac94e42466bed4908a46781d33affefd98f4fc9da1782292be4a,0
234,4046,Application_1141105874,1,43,114b382157a99eb625b533da3d00994947a948fd5e81dd0a073eae6ffeb101fe,0
235,15733,Application_2093135903,1,21,25df05ac6e3d901e3b9498f09b42d0b8f4b6acfdc9f8af5aef90348931b17961,0
236,30854,Application_767619670,1,55,7f7e888e4cbfbf87cbbad3bac8ef753e4fd7489b9613d08046797fe26438bdbc,0
237,24455,Application_2028180559,1,31,5018e239680f1d831a0f33124014b51c3efbfe8477c0397cb103c8bc73fe7890,0
238,29659,Application_212653287,1,39,656e95f370a94610745e23509c3df36bb5a07cc1189a29d6b50cb48cc6c7a3cd,0
239,15415,Application_168649007,1,44,906a7032f6b745fcb0aed3448340e408faf877ad340cfd63a92f090101806cd0,0
240,29508,Application_1694062959,1,68,2ada8bdedd8dbee77db7093edd7038d6e6f7466230e0e5a66e65c2d32c9c88b9,0
241,10,Application_1710223761,734,22,3850223de7a6c0cd322b057ec2f0c351947d1968be0987d088a2e30f221ce792,0
242,17726,Application_672871160,1,63,9e5794c7a25d8d7d5057970b75036ba232d6c222229fd7200d22cdcd30f907a8,0
243,9305,Application_827014222,1,45,e036660bc138394b98bfd67a4e8ce5cb6a007f2cd6f53734881cbf4d60468956,0
244,14217,Application_1681669912,1,44,48e8f66da45b84c3033542c7380cc77afbc394193c9fbeb92fe61f44cc1b8681,0
245,365,Application_1898813636,9,28,f7ad7d7f8fcfed22d9f8675a6d968645225ec4eb4a8632d21f781374a210e529,0
246,2551,Application_1229897222,1,59,69d051f09cc9ac078d3cf23d0276140978a0d4d29c958e3277a01e0f130fa564,0
247,29887,Application_1816208063,1,42,b9f3af9d8625380f43a3cb78c9992f2aeace2a782c4e82bc2d9bcfb06291c1cb,0
248,10457,Application_475784027,2,32,0ec703007d65730e6602340a40b90b0306fce0961d522bbaa3a7401c0b9c3d9a,0
249,28131,Application_1700085215,1,59,802489f69257c39d51bd624da4395ab467b9b3cbfdceda0309b40963aa0c5b42,0
250,26464,Application_453833865,1,34,ee1ea744da148a7449e3c05de5d9abb9e448876baa03b2971956d83a97022eb2,0
251,25530,Application_2051974818,1,53,fc9fb0fff0a9a365eb6aeba26636e427dda6325b71d458888a32a9dec384529f,0
252,8798,Application_334959919,1,37,e0e819d68d48c04d55d876dd88edfa5be81656bc192175ede87b2285c920ea8e,0
253,6571,Application_359703157,3,29,962c2136f0f2eddc65384d78ecbb671439fcd0552ab20e4869c612434176b10f,0
254,1221,Application_2116808282,1,34,b13b88e370dafa1d12aa7186a9c793af38d06649b888323650e4ea7e8ebe9f21,0
255,6610,Application_1264141219,6,34,8e4e0c9572a5b90674f3c6af1537b877b97fa0c1e6f6d50cf17c9cf38f11329a,0
256,28113,Application_1349492321,1,36,7004f36370b8a464cce8f61baf89ffe4201a7b6fbaa215e43e46eb4a3a601b6e,0
257,16646,Application_1102655533,1,30,75a34937959b6965c37a3150a5e305f4e98356eae2a03574b2d3b187bea3ddb5,0
258,30600,Application_635961265,1,37,780300e481ece81873d7dc2ef0289a5fb618483d88e6d8e701afff8c94aa25b9,0
259,1727,Application_2144399616,1,41,f57047ca6f9c302fd6ac925d2bd189f31842d093759bf91f41cd049ba908973e,0
260,1893,Application_824049818,4,24,73ce76f61b4b68ecf3906336d4da74a28ab702e1a430b63263468beaa981a465,0
261,22754,Application_246711110,3,48,5c948b0adf7a4d93ed4c81e69f26723254f2a0dfee177f6e2e64237a21875746,0
262,14146,Application_691830598,1,38,b2045def9c7f82c59e355f4dc48a3422b6779783376117b5583983c1023d62a2,0
263,25866,Application_920967125,1,37,88c3c18777ce0d383f09025509c617bfc45f5acf913b09ea3c52693ac8d12cd9,0
264,1503,Application_75345119,1,33,acbb934900628c81edaa5fe8e4d9ad08ec0840fe4bf09304019feb5fd37d748f,0
265,23797,Application_1743529964,1,49,d4f86e3c485f9de0b7ffd0629d8200bddc788f8f69999575d4799003c80532d9,0
266,15499,Application_1938499688,1,44,33663ddfbe95d0917c3aa81614bea9b6a6d906bf044584beaf4b8d94c2b5b332,0
267,23973,Application_895713530,1,58,16a1888c0ef47cf01445f6156a940c4f951c732b43c80842feea8e7a1f40e7bf,0
268,2963,Application_2077194593,1,81,2684231a0b518efa7ced15adcb9e56ae4b4251ab1adf784729a3c7fce4517c9d,0
269,3045,Application_2004232010,1,63,2a87a1b14f8c89aeaa16af713aab015e464b2ec623f901aae472d88a8383ab75,0
270,19926,Application_1124552532,1,38,38b95f0a6a37bbf35af3ef3cfb4b8b176c2d52394ba37a3c5d350a4647f7da8f,0
271,13841,Application_69404178,1,49,be7dd18d828d4f7858ce33d5acf85ea7e8442806a595e8f2d8542197be3ef9b0,0
272,30597,Application_713888323,1,46,1cca4c580908f477ea1ef60905f0c251c8d26cc5137b6cfd4c4532b8a090cedc,0
273,16080,Application_2100496549,1,38,d620429f8cc3afa44ed4e7c30aa21af445bf8a59552cdc9164e0fdc31261ddfe,0
274,4158,Application_1918667425,1,48,ea462081acdfac7b5de13b88c7f9f421230617ff91b4c2d8e5d185fa066dcec2,0
275,7390,Application_942292222,1,54,e5b6a1a026399a1a83951770f67c46baa0066e6dcd90015a4c1e459398ffa192,0
276,15320,Application_2142581054,1,36,3d9665fa5a900545692c1999990536a5a89490af14952d02e921b02ffd8dd1c2,0
277,27920,Application_1230081214,1,70,f3e0d1af7f1ac3b7eda1d47f61a7c69999338c4057f33169ae72d36e4a425c48,0
278,18008,Application_458283344,1,55,c0cb004af90a58ae723afe8d9de3954d7c4a9d0f01f8ab0a77d7503bca7525d2,0
279,12170,Application_343350519,1,49,85e5a376e40f6b727bf64356cfc9ae3e1ad1630bb5931d713d9836a2cb7950b8,0
280,31272,Application_1500059522,1,32,55d25ca45425e93dc4d2a4834e5aa820d2f6bdd4e22842d58613a52d73b46499,0
281,5591,Application_1638787939,1,74,eaf41caf14cff9943115567a0ede6af46597ac9519147ff29e4c35ac1da46c62,0
282,29884,Application_764749022,1,35,856f018c076ce9ff9c1f7fbe138e6cb8661f93d27929c3cf4683b10d4d35b3c4,0
283,15731,Application_307624926,1,44,bd5935d4aed846f23364c0103bd5b910af531c4ffd4910fe29e41f43bfeb25c2,0
284,23586,Application_1087802012,1,44,16cbfe639583fe5856811244a31853eccc7c5e699f3632955de8fcbc757331fd,0
285,22663,Application_1767118310,1,47,0a3ee4d6f7bd69528af4b87c31508e70db352ed4b457ff6cdeff5b331efacd74,0
286,21032,Application_503186233,1,55,77b608acff730b00280af3a3e4de5a323b340955c090d94978478d54d792535f,0
287,5258,Application_940975309,1,58,0a166532880e1e441f70309a76cd17e9246c6fee92d5f1947bae402e745bef6e,0
288,21941,Application_685516265,1,62,5b5b88e31474f81ee76cf1ea4fac363e3af57b5f2aa848e1f7bb4f8678a0cf1c,0
289,8935,Application_545863146,1,60,66cfcac03e04382b10f1fc26b5f58ee8943eafa43da240a9e6ceb9e5965d872a,0
290,11487,Application_889353724,1,36,6922d3d1794678a95c09bdb7585b96b38a9478cce459fd5e65137bb7d334de77,0
291,20336,Application_1155604178,1,40,09751d7761525abd81022b97efa41980a0f3dcaa7511eed63efc2cd1190f564a,0
292,10748,Application_1400486786,1,66,ff5a226d4181d7e12399706b4966fc05e635b2d36dafc3dc6354974b74b9f288,0
293,12634,Application_1668004118,1,30,744d78aaed6832d4b5bc6c184cccfc4e02fdfb938bbcd34fd4ba066be7b7d5b4,0
294,28867,Application_172281488,1,62,d22b3890e62c96d334394ad07373b3c624de26cdb9805d568699d124db856327,0
295,14998,Application_2124133128,1,90,6165cf3e6ed998481edd82516fe43603e9a66ea34b715f4c8874681d05717d31,0
296,13089,Application_1007766945,1,33,33c404bf2694f91bd9d9ac8d9d0483346777fffddadfe480222aa6ea28ce77e0,0
297,2821,Application_959593737,3,30,6e2df57a20fae17352f4325cb7622711453c745310f50cf443347eeacabdedf3,0
298,6835,Application_1143425012,1,61,3026d71e71b93d299eb9fc46c0b0a199d782e82f902b7d35a6e5d81996327be9,0
299,6089,Application_1381469770,1,46,43ac6cdde1e00ee7d35dd651d56bb8f531e41ce3c6e99dcb419df8560e8dd0b7,0
300,1386,Application_1475582405,1,81,269534550a2a214b44d541c3430cd641f6233369ec6b8dcfbf01dae9bf0ce5d3,0
301,9733,Application_768017387,1,42,fb356a973d09e42ac7fbc2683a922ee62049cb8241c37cae513ccfef88a71fc0,0
302,403,Application_1462703151,4,34,04a6518c1f5101f04d55c1b21a95dc4c1d5eb64055e305c14f70c2ca07d74592,0
303,17346,Application_2028556595,1,52,f8445eeae62a5147a7c33de9ed1cbf1b66c26cb863bf855ff7111a0e0fbceff0,0
304,16213,Application_1244698333,1,43,1e3e7cb9be79a5747940546fd0f1dbea0fcc0077b2f7c58af2b06cbadccea592,0
305,6266,Application_739151315,1,44,b5c869e8d6c43e9c46cf65dc24f2c39ac992f6f0002365ec7e11ffc4ba31ee8b,0
306,17351,Application_721220406,1,49,a760bcdeaae7a0b507eaa93e5364678ce954abdae00cc4f39d880b4bcc459fb4,0
307,5931,Application_1409488856,1,63,ba2da5cb6e1c192cfd2323b28c0a1efc99396e64a30769b5d31c8b69bcd929bb,0
308,131,Application_24648067,2,26,f9c2cba029f72e24dc6e8840bbebea45eaaaaa9f4c4f93223699fa8917f3d0c4,0
309,1553,Application_680456830,1,61,5d1adf96254866c8aece80ce428ff627e9dc53b29507809b0ae512cb766809ce,0
310,21714,Application_1243918536,1,34,1989b171643755d416020a0389f44a7bb93a2f271e47968ce07498cd2b798dc5,0
311,18900,Application_1879532332,1,33,3b8a2d474fa134a50ee9806b44fa82955d3322668d040e73fa4c6d72dc2c6873,0
312,1238,Application_16918887,1,30,34643b35c16a356b29324cc1d66681f48febff603228f0bafc265cdaaa77af96,0
313,6232,Application_1898360280,1,44,5eea6c509daf82e24fd8facd359d8229bd833eef2244f6f4a0655c31b9571428,0
314,1465,Application_2043474287,1,41,35b699b430f134892f8d348059255711e4e498fb5ad889786f68cc5432e233dd,0
315,29056,Application_1031850261,1,55,08dbb9739aa4f26bcf520aac179d378d35fe315bef65717d8a3bfa20c7e07332,0
316,594,Application_1465521095,1,33,48056115ee3afdb90dd0ec4a7aa039ae5231490f4e4864bfb17ee5cebe1cb441,0
317,27435,Application_1926088015,1,39,431fafefc9eab2f43eb40fd31b53b1b4b5386d78c4744494c186baded811dda2,0
318,9508,Application_1968005554,1,32,e78b072c9eaf3b77f01ef3b77743476fd8f2e981df7f560e7a301c519f10ac36,0
319,1548,Application_907055851,1,43,ed00840ac861b9b508b6af1e34420310f47db884f7d61cb1c05261e5bd7382f9,0
320,14895,Application_1466353702,1,53,4ba74caea487f77347141fc6e0f28f0a843aea80cbcd229f3964092357b27597,0
321,6531,Application_134075004,1,90,d4982aa1356ce01ca36e5aeef1b63b472244a197cc3940b100fb41600003cab9,0
322,7802,Application_1158377896,3,35,d22f31da5cd54bb842fcec30669d2dbf4c6b26bfa65476666b720f999a81d148,0
323,20243,Application_2112356047,4,47,c212c4cd8ae6babbf73b0302910f0c748c987bb345ae3299790b13770216561e,0
324,14132,Application_1154476104,1,33,7beec9338f4b21fcf621f48d96ba16e1ee8f0a288e5e3f409fcf871d7a88b2b7,0
325,5699,Application_162497967,1,31,6c9e559fd9a9e282bba36a9f0bdacc9858cf7c2c9736657cf173e6863def406b,0
326,15730,Application_50620498,1,43,3ce5cead5615ad0d9a3d64f39049cf6f56ca52c740efde445574706613470f24,0
327,3152,Application_2131249132,6,32,a1c0965d04b6ed432117ac78cb36285017416c57009592ac7f597841d97d67f8,0
328,22377,Application_557873610,1,30,a2310a8114c0d1e8a6a4f9c14bdf761575fc5cea5d3c80b30b4b6a079cd8cd9f,0
329,30133,Application_1469289455,1,38,bdfe885c5840acd1d69372c28c05fa55f9b3b6414e60ca8493b51a70d7de61ee,0
330,28272,Application_2092004160,1,28,755cdf0aa66c158eaf7f2ebc14ea791e671ade70960f6d6d8533a6d720152387,0
331,16764,Application_1103750952,1,29,dd5b5b60c686ecdc929139b78c49b7644d246ffdaad60263d2ca77533cae1d50,0
332,16935,Application_23443236,1,54,30ee26d4bcfed46222eae9b9ecb5d6810a39db8136239244743ff9ef7d836d2c,0
333,13760,Application_404213186,1,76,c09506d4ad276ef09f475655b41f5cad497c4242d0bd97e555986e8410916b79,0
334,6677,Application_1149600070,2,29,70a1f0de9714c9b8f1c86ff7ced3fbed5b52755b38d217d592ee16da9cd02207,0
335,24699,Application_815439845,1,71,e928663e28d5c19d1bda3fbd9b5a2a7d182ce2a4b02c888e31ed355c975d1127,0
336,13772,Application_1674907586,1,50,6af8edd7827960f5d859a493865489a35c52c0a0d9bae9c63295f13150fa8cc4,0
337,25567,Application_2111973389,1,37,8378fb1df6ce5689fd19f1e3c2dd8f43befd12754c80e0cda508801960606737,0
338,11687,Application_1904282394,2,37,12a929002257d3f0d5fb6e72055854305764d7d1b00e2372e9d26dba6e4cb416,0
339,4935,Application_665788470,1,35,1a553de747e9f5463ef934cd38e3a09f8ece56ab2409897870a03acfd6cee921,0
340,2107,Application_77630972,1,71,b45e1e78eddb6d9e82ff24a09dbe10f4fbf2874500149f5c87060a003e45327b,0
341,2174,Application_668004669,1,56,e88caa06339b1acd5b12b12f220ca1ec8cf123e1851f95ad05b5feb7d10f053c,0
342,19898,Application_1913156155,1,54,f7f5b159803dc979f5647ec728d4e0a630d8b8493469f29c830a0e283bcf3181,0
343,12424,Application_1006372947,1,54,651945a26f91066daa0635094548c5a286ae4e91a92b1f927665a37d7a54b8eb,0
344,10201,Application_990181012,1,39,341b82f76ef5401ca624bceefcaaab81a491a29a1486d40e40090f30d12ddcaa,0
345,12182,Application_2111729866,1,58,dba4a1df91ec0320146872bf9f0c19778b03cc57ca18b5404a27382db15a4d01,0
346,11804,Application_668360533,1,43,0924ef861a590acf827bede6078798a3d5d200a75c935ea17f498f19eea52e4d,0
347,13579,Application_969298016,4,39,37f5b39bbae56d975320e87142270dd29ab539b4718c6d1d10b4c5844f21f128,0
348,27608,Application_944171237,1,42,22a18347e2a82f49a6ff8a733f7618e344d024a911fed55f681513695f38834a,0
349,22632,Application_996578249,1,52,e9957ac0c6e85712f3bdf19e59d302f7b9ff09f4ef9cd97c33c64479e6a391f3,0
350,1131,Application_248714087,2,29,590366f68fcce081cc350b9d4602565bfee5a141f9e7725bcb2f92fa7b76a5f3,0
351,20408,Application_1482107031,1,94,27227444d317f1f4fa3f6fd828b277fcd90f316eb2c4b6481b123b912d8f72c4,0
352,19727,Application_1818763604,1,43,db9cefa6bbce528ada8af2e8d88019b109fbdacee90fd8b9b87a82bde02af32d,0
353,19460,Application_1892496318,1,54,8fe16ac21f7d28bff5cd2b69791fadd31a617d44c2c0b3d39c3af84b3aba80c0,0
354,2211,Application_1876375663,4,26,398146c2d3f6c114b36c1c5cf2e2f211671912ca8a53f21ada50fbd8b7299bc5,0
355,1290,Application_2098536936,1,45,258df7dd5f3cf78d26fe95f06b024c29636faedf71266909a77cecd7592b2dc3,0
356,11572,Application_795550280,1,46,49aa1df926219ccf8d72ac721eb6fd07940d1cd9a3192a9f04fbc39ce75b36b7,0
357,22586,Application_326098909,1,52,39e83dd1d4d9a5907eebac204b8a3587cde2d4c3a6adaee92e1945576017f0f3,0
358,9772,Application_1864387636,1,40,92fbd2f830f0c2d7aeb51a54aa287f1a361cc40589a1083f74def897d2c6cd02,0
359,25298,Application_1558264214,1,53,a08b97a80103fcc588c8639519c7ff7dca5457a1e57dc9f6f4b66f7e20bc18b0,0
360,27520,Application_100886157,1,45,f7f2a8b570b0588baca2ff04f3ef85c34ee56f7ba38e74be2efaafc0704a328a,0
361,2480,Application_944303988,1,34,9f9d872e950d803033cd126c1e118ea93b54bc37b61722748b5e93543b8224f6,0
362,6857,Application_929029293,1,69,00de0de5b6e03833be90b459eff67d19fba7c034614da14e562c85768c7fd961,0
363,4977,Application_1526304113,1,90,5c06e130d41a18a1ed4c833dee3381c8d5b5afa253c2f88ed6a3fd5a1003c768,0
364,4928,Application_1274885238,6,22,f0ed18cd1483db6cb8830bb29e37b026ede8932d4b26e62356fd3b4fe7503a1c,0
365,15633,Application_1905957509,1,72,1d9ade186e853bc1f58e2b830f096fa2c3b1c0836aca230770f3ddc15937f05e,0
366,12990,Application_1099835060,1,63,0b589c9fd19340a565b4ddd9609d67b48482b64fc80859463beb979b72e79b5c,0
367,3386,Application_2125870074,2,50,e78fbf3c93cd1c2a6bf637ffc0bf5fb2f24a218d6196aa325d584356572f7e77,0
368,4717,Application_1805168431,1,48,2ac16dce7dd1a3e0720ecbaad43d656fd0458c1a6096f976266fcbc4d148a2fb,0
369,7803,Application_82339726,2,30,71d1365e566b5a509ec385e951e382d98e61ab70fc4565faf7595ab636c4ef5e,0
370,13441,Application_195604259,1,44,2f9f4f1ed9c4485e7001041b29c76dd63a944dbb1b4d047639567bb30491ccdf,0
371,6905,Application_1313565439,1,53,b449986e34a426c6c49fbe170ee21504dd75073b3d08b7a8c58f8ecaf35fbfb5,0
372,27991,Application_1610326543,1,16,cc08aa035b75245e36071a3480a7356834340603e50dd1663829ad8c8c82ac56,0
373,29687,Application_438124674,1,32,6cd7b16471a2543cb7cbd41ac35f32d7fd9a4f993ef6c25443f28164f2624e74,0
374,1658,Application_2130181334,3,43,02bc03d268780add3a251d27cec2dbc4222d143d91d36dbfd447988b0f7fb01e,0
375,12815,Application_62973404,1,36,06f6525c054319e9ebd809023a09cfc17e709ffdd39ab8c8dce4f7c6a8a73adf,0
376,25589,Application_1449066412,1,63,2c5a0e47f496cac162da46a807d099dc3ed5140c04fd9bf288216c268dc38587,0
377,27511,Application_1183957528,1,61,1561d75f76137c2a62ea035a8e13f91cf777d386203928d3557bd35dd928f1f4,0
378,27310,Application_362042856,1,34,c24b06d4b02f9581ee46aded3452549fe66f173a7ff855ed589097b181af7d08,0
379,16091,Application_1889605504,1,55,3596d1efe0aab0751acae27763ef9221d2ea18669cbe6ff0fe7a392df29dce38,0
380,2200,Application_68456270,1,69,3e68a72e0d569e1ae4ac5d8701c16fbf6cf2a8a48e4d9baaec9c75054e95de61,0
381,1045,Application_1909606806,1,51,745decf419b0c37dfd7858bb774c72df43d7734f27913aed21e42e1874072eaf,0
382,19675,Application_398699160,2,37,ba8985cac0bc45a7349364610491c61ae9e22086ca2147bd4056c9373021dd1c,0
383,15766,Application_658444280,1,93,b2b270722ff39a6f5ac8403359b18ab28f32fd28e114dbf203962eea56b2af0e,0
384,26591,Application_1352943538,1,47,4d4f72d5218c7db3599bd6542bd9c324d92d253d8708630cdbfcca8dea46ec88,0
385,269,Application_1462709587,1,43,73318735ded98be0a5d68b87ce2d5ffb75d50d5d1c440bbe5b7abc85729da11f,0
386,31407,Application_1677844905,1,47,cc3efb45766b108b8f29aab38e9d03be5a58d11bc41d580a8ff4ae8e73cd306e,0
387,2087,Application_2071646053,1,48,e4219435c841ad04d380b84a96e93bdcb2ca565ed6fb735a62bf7a338ac54ca2,0
388,29797,Application_1400832878,1,52,0fc9134ece1eac94229eacd99ff46be6c2faf31c11b7429274c6aae30aaaf081,0
389,23526,Application_775647630,1,31,52c383cb5a302d77009e2e180b0f1c54c1da12ec5b5ed9cd11af5f0e4c1759b1,0
390,27044,Application_917933158,1,47,e3086b42cf1e1dd0ecbba9afb86057d5f7e76d368ed7e3af2ee62466c8e55e11,0
391,6472,Application_1584210194,1,45,1a1f86075140ece9b4b27c70dbeecc68b91438cf74ba089c77097eb88592fdd3,0
392,4195,Application_375900665,1,76,ece3f4e7889b9f0701ee9dc15ef7c1620b5d814495c4671df15b46f1a52a1e36,0
393,11670,Application_840069749,1,72,c7e0cb836d9a1a0140123a7237219ce100bbfe28f4cb6715a36c57ab171ffd25,0
394,14135,Application_1958613615,1,57,de7d3ddabc008d1cd4850ba6e6af39ee5b10a578ba5445ecf261531f03390209,0
395,14005,Application_449992046,1,34,10b81f4ce03406f095ed08b67480e00f840496af87013b73127551a5e49f91c1,0
396,5678,Application_1509239804,1,66,8d62e1a3a55df3f66771e8128f34766f8acfdc851f357549c9439ddedb2eb3f9,0
397,27634,Application_627088243,1,69,60edb60932b4bf59938fa2d28b5a3762b4aea25db2269da0a14ccd6c2199f9ec,0
398,11534,Application_1811086309,1,75,934c4d38b8af773e4e27dc57a91bcd593d2da6db9cc21b5e01d8f67b4b8f6136,0
399,28958,Application_1357696952,1,20,5232d2556a5aa62a6b5445d1ac5cdf3f273a24243113ecc405285c420176b3f1,0
400,1234,Application_1409118214,7,33,85c7732b2df0812fe1c228f42856e2fc8c55d0ed3469aa37ff003230e19d6462,0
401,4138,Application_931359849,1,55,d0d3f2f28560e606f93d6658fe289cd65764f5441413174c4672cf8f32fd234f,0
402,10883,Application_489359865,1,31,f0ce57a4bd77cece86ce55d265b87aa7cddd388ecabc63556970f49536c5cdc2,0
403,39,Application_493034835,25,27,d0bd379a8171e3e67bf22ab6f0067b01795b978768a7b3bf888c1fcaf9d9182c,0
404,11235,Application_1304258609,1,32,bc7a7307e59a7feec98243f97f32b6602b0e7d2cf271e253da3e3c9ecb4cbb65,0
405,7393,Application_1435427970,1,42,ce054e31f0376b67e7e9177999a18d60b59685aca20efba0773c303bcf6f90d1,0
406,29801,Application_1513321238,1,53,1c381c6efc9a70efd6155084faf1426977e78dbbe54022d90b02a91dba313f43,0
407,24675,Application_36645610,1,45,94747b0b8c93b37522a355df12da7d409dc4a36d352f7d0aa772752c957f4581,0
408,24715,Application_631823084,1,43,dc72b8e1761a7a16f008f69e414e3246f476cff0bbcb17bbb9b1a8477a621676,0
409,13199,Application_272255083,1,56,67bb443720e9ffcc6bc7b153a968f617c4c383619713c55c189d5e1744c3d2c4,0
410,8026,Application_801166489,1,56,3fff9201bec02053d20a01ab65436af937828694ed7a92789f0b6c1943b0a3ea,0
411,12168,Application_1806060525,1,60,0c14dfccb9a43b121596d50add22b4418d78c9e7eac544049b44f4e98396d59d,0
412,21270,Application_865317151,3,40,641acb11f430ca934b873fa6f2c256f9ffc4c9f044207d46f77efa4082ee17d9,0
413,30979,Application_1884152306,1,92,109e04e379cb614d37c1e82b2d414e05b53613e4e2440b77606290dc405fced0,0
414,22682,Application_267548961,1,24,2f241c88b5517ca5c83ee2dddd05360e5704455e9e8245fc68141fa9244b1f65,0
415,24645,Application_1094370739,1,43,1b1cee4e53de34732916a075f3cc71d6a83c4e8324ac3aa149b8279a6bca412a,0
416,16275,Application_898217141,1,20,999596900e6efdd766f4c7d793b0b78d94506b28a55739b174390be92bb775b0,0
417,19998,Application_1197758803,1,34,66bfa901c4e145ba46d2d69d20950ee99a233d460e6ac3c15119fba83c17fe65,0
418,22175,Application_425516740,1,58,193a3033aff2475c16db9ff1e6b707d2c03373ec60107bb59617889c1cb329c3,0
419,14164,Application_122716432,1,24,3b9014febea8633eb01e657c8066c393dfb22fb80599dfb0759a835e9da18da8,0
420,3834,Application_1449797248,1,45,29d35d3fa154f8c1b63a4bd46c3b54b579591b48088c79254c30bc1bda10ca86,0
421,4917,Application_809248040,1,55,eea3cf6a7a964331708bfc7c20b9051d92a5464e3b59a643b6e6811bdf66a036,0
422,8415,Application_1696755047,1,52,e2a60e3489cce9b9629db3fd641ea1f07915d54b16441d378f72d74a23ea1600,0
423,5818,Application_542947971,1,80,1625d0f7390699803b0defb2b96caacf9ee05f420d1ccbfff722ebad84875196,0
424,31398,Application_1631176581,1,34,4af84f0f79b66c15b22a4b18b0d6165bb7e4fe88eccdde41b99f47340215b50a,0
425,1232,Application_1354753416,1,35,536a4cc1a3a729028759d9bf195a5a4cebd1ab1eef61c086b90af4084896076a,0
426,17038,Application_1046181469,1,26,2c9e34e734a3c0f3d76635082b1f7839d1e2642414f6cbfe072ebd36aa4f2059,0
427,22892,Application_1134126556,1,54,fabd8cfef06ebb6677eb6a90ead654e5c5509d07bba035af6ccdf78c151ae83a,0
428,15819,Application_948877864,1,80,83f344bc1703d1f4e02eb346aa285a2f9cd98128b94d7538850c9b8f958be488,0
429,1297,Application_642092490,1,38,e67a7ffdd8e00720347ffb06dd90b94c6cd07c5626e59752776dbf446d539655,0
430,23332,Application_86694325,1,41,f5ad01d5fc3cee2779ee3e2b39172bb68de89663a217be5d127529ef0df8c5dd,0
431,8988,Application_39976522,1,67,537a0b99584a85da8b290b745bf33bd2d7f5381dff0dd7b7c3887cd8580775c4,0
432,1200,Application_1784350386,1,48,75d61c663bba1374e238b6659848ef2769907880f7dd71e8519002babbbfcc34,0
433,1034,Application_1122657249,1,69,4ae124559510145d7287fdebabbf431ceb9bb48f724ee8b43c47519b4c7a54c7,0
434,17205,Application_1053426492,1,32,e7896d31d5a44b0667b37720695cc4f07c2a051f687b766274d867e9659d43ec,0
435,13876,Application_315815107,1,56,4118630e68b55ea5e9cbaaff6c3aafac75df64d3bd17e98732f28f4c44301432,0
436,14584,Application_1068646658,1,28,cf1b4b129e74faf6ea0ebef47ab095b9ee05249f3dcc0ccce260a7f5b99f400a,0
437,29544,Application_1394633662,1,118,bc2b403a4faf400495f3edd53a5bd3b792b070faca91320c2293ac6123ddbe36,0
438,27193,Application_506291317,1,38,0bd3ef311b94b023c7ccd1032329f4883169ab64f1010a3742ac808d069e42a0,0
439,15443,Application_1403799268,3,24,c960d01edaa29d4f756908a33a14712487dd1a712b37430ada90ca8a55c3599c,0
440,3914,Application_369263900,1,72,c5a0e7d98ce8e06759263883da5c4f1567455f590f63c446a5a91fdac7387855,0
441,1194,Application_805634000,1,51,4ce328e0f1889eccaf2da800712d2cd4a75ad71b8b2738720152e5e31ba26b5a,0
442,31133,Application_867172664,1,53,38a891101d86b81a395c369a8a3e30de12952f6797c8e7a3d1bfb07b3b681e4f,0
443,14708,Application_159980013,1,33,1e117d40e016e2b09df3383730da318c0659de5b9d66912210cb8e55715d925c,0
444,1762,Application_839061698,1,33,6dbf9c02b62dd1e2edf9264df5b86b59b637d8b2d0f07747c21a145bd5893258,0
445,27132,Application_382781915,1,46,401ce6185bf1ec397a6259aafa867389f19d4f829147b23e051f5bf2eaca4f4e,0
446,4798,Application_312153234,1,51,0d703bcbe43cd57e1e8afc7e97df1abfbb2f6535ec4d5ca8e520366987513cba,0
447,1487,Application_2034039470,1,42,73d038e2d0d5cda9bbe226967f1bfc635a983f54d77e9d89566277fe4a530292,0
448,17573,Application_246939886,1,22,b4e9db3d9ae34f75b9050c4699518e186c1ccc18e5a66db24dfff2fd90d77f3f,0
449,1476,Application_836713736,1,52,ec5aeb5c8ba7820a3263b4ebf9d2143969141e5dce62ce591c54316b68880ba1,0
450,20485,Application_1637270392,1,51,81c75f49d96e01d7f6f598b5b5d3a54c34072c185622d1437aa30131ec70a20b,0
451,27525,Application_1955841156,1,34,89fadb29c275823dd6a670f901e29ca2e93a8e9affbc0ca07a0de07c9d4ea113,0
452,6436,Application_1434497828,1,47,18c2e5ba2239635f950f2563f9ef2af797b0808ffb6628e90cc3953d3e1d9958,0
453,11602,Application_862108924,1,36,6ea617c9ee3f43a919e8bea7e99f2054800bfd4d553b9742fafbef6b8d767fac,0
454,2793,Application_434255573,1,71,0f7755a111735a22fb8cf34093c33cbe52f2a856e3dbd1d30eeb04dc8e7b5135,0
455,30390,Application_74441301,1,43,1fbd7d8de7380d6720b5630a59a8f0d34df292b43ebcaebb82b5fad5833fa87a,0
456,28546,Application_2055926405,1,57,492bca8507120651725b06f02fd3b492a5b5a8c33422b227b6472e57677d4175,0
457,16720,Application_1109539306,1,56,92ed583bb2d0d9f1113984cfaf03984eb797265764afed38a8e57eb40ef29767,0
458,6790,Application_1925105093,1,43,09b2fe3e8d8f4f815b96cfa311f1f869ad0e34e8d70cb875be24c83cc5989633,0
459,17030,Application_1797450520,1,35,62f4cc58c2b4bd7c0712a38c5a19e4c203a35c9bf4398d24454816517b915f58,0
460,17555,Application_1425329540,1,71,c09883ce20e4d7e93d8e61f4513938fa55b8ebf66a7f0ec86ec53deb55170378,0
461,783,Application_1049151850,1,88,5c0bd3809616e65f5a5c79fa6d59d06c3bc3f1ae59d2566179aa838d5bb7a999,0
462,18473,Application_206474288,1,51,1fad1f2a1465dd21cd88de7ce7cfb66f2b10ec086b10c9a144982a75ac0a8557,0
463,1805,Application_1395988794,1,75,0f5fbfabed64b874622ec3aad334a90b92bff2088076d42d22eb4ccbeb7e8d66,0
464,12055,Application_625329470,2,34,18806bd35a97ad0be26e98469c3ced45d222b1a1b70978471232e33a1d64bcdd,0
465,19845,Application_509114641,1,77,172964618ca24f0877b431506ca8fcd68af5d2ec91dab9f39ad8eb639b53d60d,0
466,17188,Application_1936192427,1,30,94ba6a85aa2bcc3fd154607d3dfc323164a15794f3ef6985020860efc897b844,0
467,16573,Application_1174029708,1,47,afe22f0ab9f714c4d53b95dc312f9884b328f136abd96c3bf2cf5408f04386e9,0
468,15165,Application_1526897565,1,28,b3cbfb5db972e31405730848f4583f847576bc30cd749c775508d1b459b82f2e,0
469,9059,Application_1195207998,1,42,d48c202dc009c2dd888fd0190382ff9345fc397b424a5b3f61782eb410673235,0
470,30096,Application_2131158409,1,47,8d5dce2db3fa6032272bd598311aef7f7486297f0c5bcc42eeb8bdd37c2b345c,0
471,7260,Application_1374343559,1,48,3ca32cf2a59996d483a007c320a3bdc3eb3286a168daa9f6cd5fcf4613f4dbff,0
472,5346,Application_2094573171,2,48,aa393d7fb514635b2b737a9d82208b2f8a6e01b16d27f3fcdc6958737749a9ff,0
473,20271,Application_1157146045,1,55,4cb9c9db09cc97eab61ae79484a1d144bd06c50003fb498fd27c4605b18c309c,0
474,22078,Application_1918980127,1,89,c73b3e3ae9a2850aa3887c69d5ff598178e3c07d0ded3f612f152dea85b29eb5,0
475,9005,Application_727907012,1,86,5a6cbbc49c9563eef1c66107db48944e2343e195c81a013940a202e6ab40f557,0
476,6554,Application_944382948,3,19,e5e0a250dd8255d3be46802e647427f4c88c6f1742f4ab6bc8ccc4cce3e9b637,0
477,7407,Application_1317075789,1,77,439bb602542d41bb15a3350f4c9e081da57d6b8325a92927ab2e739b7363a1a8,0
478,11380,Application_1046926586,1,70,59fff6f8ea2e797107c25749780759af0a92d06f0e006e6efa8a77846fcdd949,0
479,3105,Application_932535957,1,54,398f21db2d5e7ea846f6601e1fa7125db8fea165be1911b291df57113bc62c1a,0
480,19433,Application_1273372917,1,41,efa004489125c5e52bf5517bd7f5f0138687eeb5de8bf95bf13faba6e2e5b39f,0
481,8527,Application_1637645328,1,46,fcfd577749b865e2f84f05cac8a9c511b58a0aa586027f15d0b9af25e944c33e,0
482,13270,Application_46509889,1,49,51509f96dbd85e11b8f1e1b856b0f7f2c524e985b560d51e2b72593b764285ac,0
483,9054,Application_1792629365,1,79,4876b9953cd036098bbd98d234a09c08136f54caacf4d02c525a9bd18101eabb,0
484,29886,Application_2106803691,1,74,813c1d59e0ea6dba251622a32231e683b7dd676611febf356ced102895197468,0
485,23462,Application_88372811,1,53,5fe6aeb56d0ae6d7cadb8f8ed550a55e2a41f27816659c5b66715198d7807447,0
486,30139,Application_673828188,1,45,7651c39a74f2451b76bdb8b3edb8ddcbe23d221bb434d0ce89588720af517673,0
487,1591,Application_941143913,1,52,9725de6ea1c6b80e1bcb9b6b5298baaa5d2924f0b782f3dca43ac1952f82d67b,0
488,167,Application_60181210,1,47,613f06d7b7039553a4f764904254cf99c1ebb1daa7a7317dcbe7bd755efca1fd,0
489,13305,Application_1785589551,1,61,392847805b2923cdc876bd7aba5a9d6b67ac272c801ca8239e1bb1c07bef7628,0
490,18532,Application_1721241599,1,39,ed47f073ff166cce5add8f945267be30a6167169ace1ea2c065f1fbbcfe921e0,0
491,16496,Application_1055859984,1,92,bb871519850267be7d40cdaa80baa040644f9dc06d51daae9d50d8b6a5d2514c,0
492,2251,Application_1097531553,2,41,e131b405e88946aa2f99cd22585bef2ada5b7d84c68cd1ab58dce9b9f8e6a41b,0
493,1608,Application_2145965847,2,38,b864d51e5330a19ef88c343537c9a914ffd5099f799017542b1825704f1bc20c,0
494,15680,Application_210296414,1,67,70759dc5941b3185bbc1eeef9f64b74115c083359480bb65ee143538fe6d7acc,0
495,5658,Application_616279885,1,48,52b9f17eec60f9243912cbb66efd8fbfb88c79eabaafb3401e7a0155a6eb158e,0
496,14656,Application_1561504790,1,55,346e83810e2cb557b27f51e82f3715ded9dd4f48c2f5518f418dd7c2ba65acbf,0
497,3155,Application_1661187046,1,46,143351e4490e66fc8279d62e448e223880c1293d2dc392547e80fd28c1440f61,0
498,30042,Application_1709020414,1,94,f3a00aeb27d82b6e32d3e86297007edf92cdbf28c0aabfe71476c011d2e87303,0
499,10047,Application_1659263465,1,48,bc40e964a81fb26101fabe75f2a85d00baef089fce6a7422a4553a8ddc49634c,0
500,28214,Application_1458035543,1,73,01d8ca6fe56676cfb45f35539c3b4ba46230803ef2d24f367e6d8c0b17b97522,0
501,1494,Application_1796224575,1,64,8a2212a93207443cbf5caa54e7b03c5d8cf9275434c5bceab01579aed5a82521,0
502,28150,Application_808506107,1,43,9438767c9e2c55a16d059e315158a600c14981c1ada9a655a00e947479cc698e,0
503,6727,Application_1932658564,1,53,ca0dcfadbc89408a2e8aa8418d7ca540e0a8a7b01e364a7e6fca717e7fff7120,0
504,10635,Application_1740675491,1,56,45ea96aa19a92012a7464e211d345575e8c605594684ce7367d4ea6f13ac559c,0
505,8021,Application_1775664277,1,47,710fef8636bd395c9e1f84d8a66d66820321767421ac2c1932f98a5e01643730,0
506,3924,Application_751721000,1,105,ee6f22202e8067411e0d3a884391ea584210557d7d104ad83456e73d9758fbc5,0
507,12637,Application_362425705,1,84,a18250f6e9a74bf6bed1fc6414821d5a5174a8607c38e3c4c167832800b81036,0
508,26519,Application_1116429997,1,83,72f302e6a493c4bedb7f5860c55d2239bad520e235527c2403759b9802419de7,0
509,15853,Application_1029247764,1,47,a72019eb0a1c42f75b0d86f92b9e692232ba88d06a31986bd5d4fbed87b30f25,0
510,21557,Application_1032916256,1,63,1bad197298bfd40249a64439b3d1e840ccb1a1f8c81ebb543fe05d7769955036,0
511,8612,Application_826963556,2,55,9629a6d82177293d58e64936ca275a60eb3a70e3ea6b68fa089e9d7824e2f6b7,0
512,18196,Application_210736578,1,56,af863a4d18f86915452f61fe65ad17e88f5f3ec5ad6e8377a905321cbd0d0b8a,0
513,19739,Application_1448406365,1,50,02c25ce5c8fd39eaba03c7f8bae92025fdc4634a48a2ba91f87577e9c410ed2b,0
514,15357,Application_1868189446,1,54,6e1de3dd59cf962ab88bc11f991257f7b42051288ee085c6752938b13232ad95,0
515,142,Application_1859638703,1,58,dc79ccb347d2b351c0382eafe69925f471e63a8ec596e4b92a504bd4285fb2fa,0
516,20207,Application_1571287273,1,55,632cedfa2d90d44e2ad1921c26d9a3aad8019203af2e16add09696398c267969,0
517,25913,Application_695960596,1,45,00f992e22caf5fa06bfe7b8a359479801a6767ba55029c7d2a8b4d62bb719220,0
518,16237,Application_978087299,1,52,4fefaa39811003844f8e2f4f2b98b797db6b3b12bf427cc48792d8529a43ff25,0
519,8512,Application_1604642513,1,52,3c3ad6ee97768a3eb5826e2f6fe2c9711cba3b9da62ff5deddaf16a1c21ad4eb,0
520,29983,Application_1031666995,1,60,ccb65152f204bbdbd0baf672817cd5667d28f64afe1f3fd8242f44b909764ace,0
521,20050,Application_1455226092,1,42,7fb91dec19d90de49bab214256b3d1f5aa14f96685514329aed842594add9d71,0
522,2346,Application_552624105,1,43,5ce04b6ac9af7dbbbf37c0e837a9d7a16766e158672bbdc8dbfc7a4922795d44,0
523,30281,Application_1376161196,1,54,324c405978251d050a31442d953b527d0935e633d6cb2d61b5d8e6b10c90259a,0
524,28115,Application_1302385232,1,50,3a27fb6823e3e731c2c77ea9204754dce8d2ab694e6dd32b2adb4c9e907754eb,0
525,3203,Application_364592051,2,43,befee447d543d3e4267cee6f8d2593a055400ffba04c38d95dccea30c2a44f97,0
526,2657,Application_1527968869,1,30,9fca7f89675726c08e04ad18cf28551787eb8132c95c592dad5543cae3af1c87,0
527,28531,Application_654096412,1,57,4f2718a4ddee55631744aa7b1aed1532c2f053d72938af9fe59baee32e0c5e1e,0
528,2421,Application_352895702,3,55,39319c7f2ee1532256d964f8b0c122fe9dd18369987eafa4149a3115236d134a,0
529,23136,Application_1525694,1,24,60b1aaaa9e1c2c209a9155cba863c07e36c2fd8265164c8961c7fcb65d78bfd0,0
530,3850,Application_1282450727,3,46,39d178bcc3fb0ea05f58fc9ab5f6a9feb4eadd3f54633bd52d613e44da82bcc6,0
531,7626,Application_1622587636,1,45,69a85a007fe34d54812214e087ba431bfeae80960564ea1a8598192d7b1c6dd1,0
532,7908,Application_1914003486,2,39,712a832f5f662d6d86a24a8f300b62a11a4c871197d025a5ad3eb64a093bd1a5,0
533,17945,Application_1260255442,1,45,e8a2a502c77e8359f6ee1bd02c56180f98349089aa76e332b0ac5aaff7779ce6,0
534,5547,Application_1641372345,1,54,43064eb4ff882eb18f7cabf93ecd9424f8f0a8a8ac4f5f6ca8d23aba9a7f0db4,0
535,22142,Application_1342644312,1,72,b36d8b59632db836084e574e4b6486ea386f5fd68fe9f71d440ef63430030dc9,0
536,9862,Application_1541157779,1,48,df45085a643822adca86c946ff3c2f99c4b3cd572e1b392c3bc3550a486bbd74,0
537,5326,Application_850345065,1,56,8abc3278c00d2896f321dc88587cb4c816db0ddff0a4fb3d1d8c0a6758f21db2,0
538,20952,Application_308823209,1,31,84e52f7b596b1875fc0f3044dca650483b25d8ad5784b11b58e9c0dfe0c4bc81,0
539,19018,Application_1461338549,1,49,3a6daee43424387136290e533230e3bcc8cd722e78c0d15eff73d03ef895c8f3,0
540,27205,Application_944562718,1,57,a22707b769f090a455c6fe04fa1dcf0b2cfe710b2a494eca43ad1f7ae4e5897b,0
541,7356,Application_1726877019,1,35,ea6ab1adcf1423e64854bb2fdd32640cec2bad3d21bd05074511181473ef7b27,0
542,14644,Application_1363038701,1,39,7ddf8de595b0e334aa1eb9396b4b56edb2df9c2dd1dd211e120fa253d5d13cf7,0
543,14213,Application_687997407,2,33,c6ef6d17b5a47cbfbeb1d83ed75df9208baca2a6f0d0dc28bf42f4d6fb9eff4f,0
544,6944,Application_1735228186,2,45,fff08d2f00d2f3c282c03291c529f5ea016052e374a0b385a6cc9225b30dc1ae,0
545,29055,Application_682126266,1,35,16e22356ae4cf6ebbb30a07e5f88373715cf416ed9db72fe73b7e00484809db9,0
546,29157,Application_1583874174,1,26,671a0c8fef0b7d792b660ad237251886b9ff5ff1ec6ce70c1c924e9805634ddf,0
547,26956,Application_1256502858,1,62,002b17da99a0f8f5dce78db8e8974781863ad1d92cee5cc4b30b405bb9ab205c,0
548,1049,Application_1298220841,1,41,f3b8d421e0543f011e648f9faab31b13bd6b8f486915c5d3cfc98d34e7352956,0
549,2057,Application_798560603,3,44,061cafd83d580e1c9793da156df35adc1c8daabbd00eece6b6f09b59228717ef,0
550,19020,Application_120596088,1,52,7df8cef95f7a896669cf8f9ca3019a6a0ed77964496cc3544422c145bdfd5965,0
551,7750,Application_1415208911,1,46,389c83b05ae945534f9e272bf179acd4c6721aed0b5d91dc807ee661a0a4eeaf,0
552,879,Application_984488973,23,29,116887345e68d6652c420a7c015a6aa2a7f8fa2aef2965bdc67933b16fdf1a79,0
553,65,Application_1825104006,1,38,4a1c997aaaee23f816445f2a0bfddfdc6876811dd4a5a4a1fc689d82c7893608,0
554,9601,Application_1070374401,1,52,8add4e1697e32e240a122d8cf3631c862198b866d47ef6a67dffd18aff6e6d37,0
555,24165,Application_19624742,1,30,0f13e95af59028db44d57def3841176ea8f9d4df12281badda3576dbde914336,0
556,3104,Application_1295664079,1,62,2e0d7cf86bed7b5919d758e3e15432421733110a43ce0a66ee09c76040bd2bd5,0
557,19136,Application_1973686010,1,38,d784dc81e76fb1e4689cf88750c02e3a146e7ac67197163ec8aa676b3e9c24b5,0
558,7287,Application_1362992765,1,51,0d1e2fde6cfcf709dff18fa16f0eaa72539c1a0ba5b418cdbd43586b83b08ce5,0
559,4049,Application_1566823764,3,40,b71021166bc3a2c118747735f5ce7edda8ba032ed7db668bdb91d518154e923d,0
560,23096,Application_1864995319,1,37,5faa9f010f5e4233c5aa3e5d6de99fb2559d6d05424542dde874de6d5d57bc83,0
561,12773,Application_237567621,1,65,7fdb9977464e5df6bb508485b03b8c05c2159bf9dc9013783937a68bfd693882,0
562,16143,Application_972571109,1,48,8fddc09f131c894a809fc3522d7112d28add6edbe8844730b25f20450aa8f144,0
563,21640,Application_914554508,1,34,35556cacb09caa2b935c0a3b8f1e07f9eab174991aec3176ec15de60f30b878b,0
564,12313,Application_139924485,1,47,155ba758dd86a8a2785e020c95bf5b081b6e5b5b559c0ed814cfecd51b209022,0
565,16435,Application_1964211913,3,35,e463728273355a87c60d5aae6e0621b3acd80285311984b97e39f9dfd04f604f,0
566,173,Application_2070389081,1,44,5018867280c909845bd2514d955403b07717a16fc994b57f4415a2aac0398f7e,0
567,1655,Application_1379369585,1,57,85325451bca766fb9c0647e7b1768cbea9def088bccb2328f5f1c412c1e7a64b,0
568,30524,Application_731024122,1,39,eb8105d83246f9292c38634763173c4056f78b7dc37d71d98d8092aaa7cb77fb,0
569,28291,Application_1750255251,1,49,1dad764cfd019013a10745cdf11f171db6b43c1a897c5ac723ca725a7ee14c75,0
570,21067,Application_1460352487,1,41,3c73126af5d293289bff32adedc1499e6c459affddd198e880f99d00db4662a2,0
571,29019,Application_963573698,1,35,ae871565c9c98dfb6d9ca1405511d510f50e1c48ece91853f254edbe0420de81,0
572,3671,Application_2098449770,2,33,5b4a4c98bb49cc6e0e4001b69009b1d280885d6472d7122664c8057718cf2ba9,0
573,15943,Application_35066581,1,29,f96aa779aad12e574d21ab4fda9f4dcf47cd12dd1acf820092461a9e85346334,0
574,703,Application_1373752989,4,39,d7b94cdad276870ec8675b78e8bf5e2c23cb0fb89d05c613c14f4ad529e41798,0
575,26542,Application_1222140034,1,44,da2f1c98759779391936f6e2efb15abe8e3aa91695077be8a344194df9997881,0
576,10627,Application_868516310,1,60,191bdff0328293946e7e4843b8699c9ade8d895c184a8c8e2d555b55e04cbd67,0
577,17151,Application_1550156192,1,46,661d25affb7840f331f9bcbe2df05f727b52acce93ce8857fd4eca876e08541d,0
578,16174,Application_728101227,8,38,a936cf2cd5150811a624bfbb5cc555f25077cf58fc9957790833fe91422f4b98,0
579,3641,Application_1357817431,1,60,a2dd7f7b1b4ca70baab7562140773c928782673deac8fead9c8f1bf5c5b8ac86,0
580,12387,Application_1870651765,1,59,a9ea44883567e9c9131295744c926acc745d1bc75b7ac03f16afccab4a588d74,0
581,3017,Application_419387657,1,67,546d87fc15071131edd6ecae4b937c15f121c7244f165c866e8d619d083f7c99,0
582,830,Application_224758141,10,15,418aae267a2ed1bc6298e4f07b5089ad51db2554bf8e17bd2f51fe7f7e82fbdb,0
583,8823,Application_2060015801,3,41,22be3d593652a25113ca4ac24762bff76adde583b7bf2dbb9ac01aca552ba111,0
584,10508,Application_1830904674,1,47,149c6e8f5f477da3a46290575c03fbe25822eb25f2d50131f54b2e4e294a529c,0
585,28849,Application_808374175,1,28,56adb6645c6c86f714605723369af23da2704356df6846d377b88dbbe80b367c,0
586,30036,Application_149980465,1,60,8f0d36cbfb2f49d4a1f5ff20e56f3980420189101e3f77cf225f78482dd79ae5,0
587,25146,Application_1505059688,1,48,99dab48b70f94ff1018c7c569573bc5b8a77635f31f641abf6bfc9041dad0f52,0
588,31507,Application_59622033,1,57,fb820fff597677f8981fab41a62396ac97f9a359f63abe3b46368a721caa49c7,0
589,27481,Application_1817553519,1,26,4738a9e5ba52a26aab7551f5f748e925ddf9b3beba4d1f997df656aa06948abc,0
590,786,Application_127178924,1,45,ffe49a5d568cc33b2b58010d31ecd5b2669a63cc99cc6d8d44235502669687fd,0
591,28847,Application_1115113981,1,52,6fd79c269fa25c5e54c46519dd66c8ce303a4c5ef76cd2df29b30f5b9b7c0018,0
592,10314,Application_1475131206,1,55,503f5a496cdcda72d485b3a581073a73bf68aaf990f9fe87a60082b6746a18ff,0
593,5525,Application_1469859342,1,45,05d1c3eba8d68d622a947729e5a6143aa4aa54f4ef6c4dd7555728a83bb817fe,0
594,20769,Application_395040008,1,66,69d0cee9649b7693b23dd4da56889b6f14534e2de7ed50eb3be46e2314c978f7,0
595,6892,Application_919038062,2,22,61d7bc186aad9e04675cf5ff38a5807960d9672fdf562456da2b6accb50c2319,0
596,20162,Application_328004739,2,24,0b36865c7e100ea15fb3c7d5416cb4600e3f0745c5fd20ac61fb7d06afdbbc08,0
597,2330,Application_282703106,1,47,4f315f3404ecc38a1214d7dccdd133d92bd344bdbc7f9543da043ae20730f6f9,0
598,10177,Application_2130079799,1,48,1d9f821613e23b3f0f852a3a6c4c3898455dfc7ef8c5557b0c77fdd5c9aa83a2,0
599,24513,Application_263050310,1,40,82214d651bfcf5ee74af229fa34a03a35cfc7682852c1578bccb0c8f653cc7ce,0
600,16407,Application_1369369156,1,41,6fcb5829dd53b90261e54aa95cad73eb5b1c069f2013127548278b9700717467,0
601,28320,Application_1847406506,1,75,19fe4bf52d0dde9454a304476d260463ce7be07a1243d28abc13cf9bea2a64e5,0
602,28005,Application_1048229669,1,59,8c2bece5248ede7c446ccf5a6e05ccf04391cd2f48e95311f9e7b1c317e6df42,0
603,18515,Application_2070251704,1,100,fa75b9ec6727d71790bbadad2540f1edd48415ed81ce2ad0df697e0bd4b496d4,0
604,23388,Application_1767523562,1,48,725b5f61c5d343861cab269e6d614fcf8223838fb8da066883e8b42c516b9218,0
605,3828,Application_393911084,1,83,6596435c78562a314ef8b308e4dc08770b032a886513d11d61bb182a18302349,0
606,29782,Application_299054642,1,56,162cb5131e34eea8fd30403762f5b32f45e569750d49ca54420609b4e4d342d5,0
607,29914,Application_988274349,1,45,f7883194aeaea39b417d3196774af53d95bbf31e36575565fc05adca1cf4ee57,0
608,6493,Application_1696523601,1,35,dc55129a5088e10e4db0d223a47fbbc87af772ae1b30f26ca841aae1d5e169b5,0
609,27632,Application_2093060269,1,50,c718e103f3e7559bf71d0f0c427f9a7260f9e9fc894a043863b97d7c777d6cf5,0
610,4078,Application_1299847609,3,28,241d10b2f134d665bec554779fbc0b1c4e65c28b7e43675b9e6ee93e6da68197,0
611,25282,Application_867400149,1,61,e1494185982ae01fa055c00e8977bde069f0185e1c6e9860b210babbe789e583,0
612,25683,Application_1733732825,1,41,4d2ae7734db0088b9d71f00d5b9d8cec8c6cc45a2956a7254944c2c03ac2f873,0
613,4509,Application_1754884969,1,40,600d7735886d05daab9c8685bda194af2768898de403a950a533ffe6e2737254,0
614,28238,Application_2111139636,1,30,d91d6c025c2f3542342962ee6d57a13e655919e6ca856d66ec44e97a9be062e5,0
615,11842,Application_1038559722,2,27,3f87b56a4a064702ac42c54df09c58f7663dae34e1f1b5abc1653a4443d9b257,0
616,473,Application_1386615618,29,20,569507c2826bf4d4eead2eadb38fbcc8fbe6a7e7bf9c374af5936084e067aad6,0
617,4571,Application_1806365340,1,54,e90dbe2f79cf8294e6bebf470f5a813cd952c0c659de46b7f0993069b683026f,0
618,22917,Application_105679391,1,62,3a9bd73859d77beaa426756c33d097cc758bf28ab42329f22002122d16736ae9,0
619,29741,Application_1729824097,1,47,7016b453a943e87d80058c311a1353bced2f0984ff198ad13cb5902c254e936b,0
620,9561,Application_207497387,1,55,384a2582b508d4fa71f91c961abf8c8c8e2581326df56ce35d189e03cabfa530,0
621,24597,Application_1313249576,1,39,2ded49a85d54b19d1f5850cfa81fb9f8f125cead94fbf3bce9aff2fd2a331613,0
622,29949,Application_1130845322,1,38,cc700cc5cd2d153acf09883517dede579ab6c75d153fcf17ea7ae0c68c68208c,0
623,11823,Application_1355802515,1,51,38213a75bfd3336f867ca1e1e16229d438d876ca10a6d8299fe3b7bf270a8c5c,0
624,25369,Application_1672037226,1,39,432d597a53bc62bda3e0375b45571796e8d8d2fdcfbc359503e620f07d85527a,0
625,20277,Application_246692114,1,36,bd64b0accf3a27f5d1e004b292a782d64ed4623f1cf2566b2e7a23b74f05fb05,0
626,27612,Application_2058119051,1,26,478a0d5e386428edd5756d9061e49b0781f2d2ca0c641eb03234a5f8a0825e96,0
627,22875,Application_1257163754,1,44,08498b79a84242e11765feecf0a536340e8e4a99e0af4c09e026d3d239b06b77,0
628,6840,Application_719380726,2,30,51133f3134296340cc3c86e22de3074286b4929ff8af6e3a11059ec7b3400a95,0
629,3974,Application_960261707,1,42,36af299a3a5912f60f2432706124fe4da4910966650d76f39c2f1a256c71558d,0
630,24797,Application_926094669,1,53,8a939a8a3f87caabf83d4bfeead0fb283cf70eec37d6dde45ed961a7549be64e,0
631,21467,Application_850162220,1,47,0ec499ac865bf53f510819fc2c2748f6d9e29e338e6ca535d0cab0a1d55bb421,0
632,2453,Application_1514871554,1,44,ed591c41b4ad3ef40b429e9770882d71014d205c4a17d230cda78cbda1483a2a,0
633,10989,Application_1485106939,1,115,c5a0bff9699e269b72ff3da6b98a68c3f355ffc4a3d4fce5ba0951b07acd62c6,0
634,27912,Application_1141108757,1,35,39ff2da712f9fcc4de63edea34eaf2d5bc3e27ce632f5f50fa15b79424f0fea1,0
635,761,Application_46744147,1,29,0c2470d2de5de45004a60374f973fe2df11bf459b06943b3c1e2b6a2911ce4ff,0
636,27394,Application_336250197,1,59,c2c609dc5ba0e994360cdd3b6dd3e976221ad73f99a4193ec922645a936ae574,0
637,13683,Application_472481294,1,36,78bd45e3845d1118440d7cc3b9687cb681671c33a309a8d216f6520deb295f6e,0
638,6018,Application_571712791,3,51,5777fe0118ef3d21adc21032579a17a38c2773ad6a1c6ff6b26fadfc53ac4688,0
639,5210,Application_1155084750,2,31,d8f541f5c8abfb3267ea27c633ef1df72e73edbe0f8752caf26de024ea315b27,0
640,25891,Application_1295538492,1,54,fc379fb1f880ad7e1e34d9c7212216e59317e23042090ab5e47c6272f394df2e,0
641,29506,Application_222189951,1,59,e29ebda16b644065b2676e5bc279e8ea8507b49f01d608a566cb862250e7237d,0
642,13370,Application_316799912,1,44,8901dd41776f1c18fbe1d07de3926173e146905692ae87264c561585b95e74d8,0
643,10061,Application_825188863,1,34,e099d47edb6ba56a454620764167c640ffb14366f631d8949a7b34676a6ce613,0
644,8714,Application_1879252788,1,38,ed2a67052f31fe9caf679695b4ea61c3c18ef5511ae851d951cd64bdc2b171d1,0
645,26018,Application_1504346428,1,31,87a1c4e919c3dcb9b31df9c7b7e1527d887537cd537bf51c87225de65b0bb5e9,0
646,25115,Application_399001926,1,46,ee23d2082ec64f99e5dcb90d605082169e06d0e9819a343a4f7b8e1236168920,0
647,27874,Application_185750292,1,51,840340ad7ea62f547407cf7afed7c71ad2c6b618528ab6ee9d9f039c9bc3adea,0
648,6184,Application_1719533825,1,58,98a38a520a8e79e0d29e1547487cdfe6240d98f5cc1f582eaea427d3b4330dbb,0
649,6032,Application_212917570,1,44,280112eb93ec7e3511a765238547be7e61e4938ff44a43ab161f624a3257e2de,0
650,452,Application_1562990453,77,30,7bf76f88f429f8cf8aef22d0e9d285170fa8ae107c3d90070c76503dbe2d5bc4,0
651,19934,Application_1160628757,1,33,a91054e74e712085d78dbdf280cf802afc75bcb1d61b7016726f3636395e3c9f,0
652,5016,Application_1124752980,3,21,54183f89b4d5240baba613cc7784db4fb9fb71deaeef3a444443e6978fd90493,0
653,11476,Application_527363620,2,27,e1f6e5f064c558feb132b3419685467c26f034b1051854e135e7b3d71a204693,0
654,9431,Application_1875888758,1,156,0de049e11f15f92fd3787b8f3b00db08236d79bf2ad59242bb4b15147d1d6bb6,0
655,7804,Application_2062710817,1,43,0836e27b74e6bfa221d7e04459863e56fd52fa651ff0b65a8d262e9b41fbef78,0
656,27621,Application_1090489225,1,66,1b4f0041094ca3c3cc90514b07f7eac2ed4cc2657f06c0d7d09bfa4e3bcd9b0a,0
657,1507,Application_146041854,2,32,87f54344d2c2b25a059df246d4c19d5222208d54b1ff7f35cca3c10214d7124c,0
658,31346,Application_2001932949,1,39,ca78cb026a5e8cce53002a67ff45688e62e7602fc85f21fe3e767315c17d3357,0
659,24259,Application_1919362220,2,52,391bd6d29465448ea74278a63e80b8e9e2a665108cdbfb06b4028b5f40f05994,0
660,7818,Application_629654510,1,58,1a4ab89c9f21b7018cec2524e33f1ff445107601391c496292441dd140530b05,0
661,10104,Application_637668440,1,109,6dd15700d3cf228920cb5856ada05bb18a91b244fab5e8cee46228ae6b9f8f9f,0
662,19290,Application_1908671300,1,34,b6acfb1a91768482495c9586bbd61b402cc861c66927f5b49acdaf09714d6121,0
663,14756,Application_885569118,2,41,7bbab34032031d46363e76e9197d758958a2f9e1659c73a1b63a7bed2213c987,0
664,11500,Application_297480993,1,56,66a28503d375fe1ee0bba3f99a56920356346c2a4fecb87ab9e92adc9640719c,0
665,20672,Application_1970864584,1,40,e514a1ef387cfe30429d700a243a2f5e8fb2e948674d2709224be715fafe205a,0
666,26873,Application_1202498150,1,54,8c4be9436f222ce1b17f8d5a5d3d8d5149c15d95c50eb5e4d0fdaa18db5b8970,0
667,9530,Application_1675755095,1,54,b4ff207d68c08f9fbdf2ec57729ec1debadf4087a3de00075fb8d14a4fde24c0,0
668,30292,Application_514153976,1,57,dc00f3d777136416039ac13a6521bf444705abf6b19f2b0fd3f00db83725d447,0
669,523,Application_1832081539,1,101,b1b0c268688a99f510fbee8910077716be59524206672bf1bd0db17231fbf304,0
670,2654,Application_1832646712,1,47,503810270c988e3769a77d11a3994c4a7b97220ddf072bca2d7ecf5cf466ad2c,0
671,28084,Application_1009604939,1,36,7827055a4e71c1ae13a79837a9f84fbdfb4690f2563da05fb74a7e8f041f1c8e,0
672,31455,Application_85708625,1,34,0aa8587e3fed07f33bb7382c4b44b55f9ba0f33791612b06d5dc521edc53cce4,0
673,7269,Application_73255471,1,27,33669e7eac6b9fe19c4942fdd2cbcfb411d639e59149f61900cd1ef581b2ca62,0
674,4555,Application_1842624116,1,52,34a365bf62d5a750df09bca9b032b265bb84372e6d10405d339063d3c70b2fc4,0
675,17089,Application_729657614,1,40,950d28854a02af90d6d020ce4b6ea6a59ff7f5333c0c51e3fdb32ab9690c47af,0
676,31219,Application_171367276,1,56,80044e53ed06274f7b438fea7707ce62ba9879efc69c828594b1d559a0e56245,0
677,7400,Application_1872866481,1,59,26c13687fc223a41f79a3df10374f7e3721b136abee839275460a01b991ac4e1,0
678,750,Application_105711594,1,64,6edd0b3fcc990e04fe703d647d574ac5b2db94cf2f70441129c67904c6e551c1,0
679,2461,Application_369604069,1,82,2655b901e1d64e7d2041f2411f316d6c50c8abc2a6335072137dc4af0044ffbb,0
680,17639,Application_1916740992,1,49,23be168c071e119da93f9f6700e7ae29d8a3028f82b6334545e1545abf723f4c,0
681,12525,Application_888548627,2,25,2740c7f03cebe248ea22a0e1c1dc0b606024f19a7ea456df416034b2222c9221,0
682,9946,Application_949360290,1,47,35a34f2af43076faf7b3da6e25f9d5f06e3072c74615a5142b818b327ff01bb5,0
683,22603,Application_1739369075,1,63,ffd9bb90bc22b7cbb835a80fefa28b6a346a968bda0abfef690a03122cb8c210,0
684,24761,Application_1239627323,1,39,d53ea380031d3595febaa9b841c22dda278735bdfc4af9109f6dfad849b03049,0
685,8989,Application_284536211,1,56,3faa9b6fe2766a4f458d21ffc16082f0b7da2c34765628da093020c352852b8e,0
686,12578,Application_1107381178,2,35,cc15916ca21ec6799f2a83f29d45c263ebd033c07c85cefad9a45c770626adc2,0
687,17994,Application_206120401,1,48,c2e504be69a7aa4facca262d0f287d4888523dca10640365ac97c90503037507,0
688,14821,Application_999993467,1,37,2e03485248be613e49cb290b00ba3afea94fdbf054bf6c480b9a2f0f303cd444,0
689,2662,Application_2107908034,1,62,5d3a699ce527e308e761540d3d38baf0b7e5787b21359c59f0205e0dd1b4e8b6,0
690,11066,Application_900021559,2,36,a65531ecca74df5212265cc85e0b29a3d160fa6800e36bfbf87505071b0e3516,0
691,28865,Application_1518842217,2,41,562317be8d3bb62735e745f821c98ffecf890ab0e012f2bd15cdd7fdc36b22f6,0
692,16946,Application_1866512161,1,59,99a88ba4c25fc59f5c92450f416ac549c0b22424c4025a5d65f717cee0fa0cd6,0
693,4920,Application_1339294789,1,54,c7986d2fd40e629ce30d9592a8fb95dd79460db1ece50b413d76fc90c4e9a680,0
694,7078,Application_1205005068,1,33,d8a65be7a04f2d78cc3989f17e14d2aaac2371ac4b1f4f4d4c4b02bf5e587ee3,0
695,885,Application_842478362,4,37,b7b4522743b2446370bb7cd3bb4667a119d6e291b72a034a6c1befbfa6ce3e06,0
696,21761,Application_585993956,1,28,a5754c3035257ba7d791c6f0d1b876c23f43d7c61ea3db6c73aebf4d24022878,0
697,12568,Application_1014808270,1,66,d89500eab57542b780a6ae2fa42b217b378599354a787711ceedde11edf7bae9,0
698,31,Application_2012588584,1,50,023ada2d0679aa96c21c4f4ec22a3ae8bb7f5ea7aea3665f11d1b1d35946e3a6,0
699,15076,Application_2017724694,1,47,49cac32300740e21eada81134b69397e9ae3ff3c23255a757c871a67a6c0b123,0
700,29779,Application_280797942,1,37,ccad0606d7d6761cd04337f33d7a530a724944a529e1cda002fb65ae06d1d2d6,0
701,25512,Application_2029271670,1,44,f1c71c8dc8f7602f437ea287929dd4535b80db83f1dc8608deb389229fe6d61c,0
702,15713,Application_592840232,1,68,483b89977629cd71fa8ae732bd4b107b9f802871e5b303ef2df4d5b56e99d2d2,0
703,20932,Application_2072188464,1,77,d0f3e4cb453c0f2d9b93c6fa19a3840ed50ea91151c6e497b2688981f3a92413,0
704,22223,Application_1151703611,1,48,77cb9112224954c432f141fbb4fa666ab23cee71868dc387cf046d435bfe1b66,0
705,30337,Application_805043529,1,81,e7c6146d4f78924a372539c33379a535c689f4d5d75d1d8a45fda66b4eab4702,0
706,23122,Application_90587051,1,49,d2fce2451d0bcb8a12a195b0cb5df634b5d4746d21cdfeb6afd434f7e2c05420,0
707,22932,Application_1709553007,1,55,da7d1f3b1b18d01ac8a141db605fc0767a02508d52aea1729bd5d3560e66d2bb,0
708,20301,Application_439205989,1,54,8115337326310763ef3522c5f5260ec5bceab74b92480a8d74cc41f84a13f9c9,0
709,5138,Application_1411379682,1,51,f88deba5a7fdc964410c11a21e4e094f502bda0e350fac2395a89397d19f99be,0
710,10497,Application_131125706,1,43,423ca7aec165d7390d8f73c7d9b9dadd2603b8dcacbcf29883daa8da850f79cd,0
711,12428,Application_1983370318,1,64,8b4a5933139e784d8fcefceba7d28bbead9797f4e874e79d47d988b9efbcbf47,0
712,1523,Application_717059171,1,35,93d066c68518667fb882017f576cc66087d15fe279e8fbec7035811101a8fc18,0
713,30679,Application_281817768,1,52,0d2e27aa194d6c06296b64465bbc6dd2cb93755b89f7f86eaa7bed7c999281e7,0
714,20083,Application_598384246,1,40,a530d35dd533013acba4d023c0e3eabdb480c5fd022b5e29a08015dab176a719,0
715,29596,Application_723918543,1,28,a71f43ef37ff352d049cb4cef6de1efb395f5fc523df01d93e84376243954467,0
716,9494,Application_1823559768,1,33,0888868ecd3b41a85b295245a15ab2645ee892d255d9eae0efb59c668311e529,0
717,18590,Application_1107550876,1,47,347877c468b9497f2f8707ab8f5fb3c0aeb69479af09cf7a93311f391f1b427d,0
718,9000,Application_2102734993,1,55,dfce380df878a2f9cfe060147dc17fb52ee5f10767107ce390dbfc66d588829a,0
719,27021,Application_1953648569,1,50,8321c7d8ce35972f682c78bd8cd8b734a8c9ab1ecf9b3f5e744e5c1f3cfd3b53,0
720,2930,Application_1460888303,5,24,838b61ee5134b9b8d1d6442acf53ea33182b505c24bebdecba5452b07d185c4d,0
721,22233,Application_1223346952,1,43,e781bab1a082ee1d081656d08e1c9afdc8c26cc43a01592a37fa8f77c633e523,0
722,28877,Application_189410230,1,69,b1f4b3ea5ee61b94f8005740c42596285d3c1d0851d8f9e6ba433874cf7324d3,0
723,8535,Application_709437606,1,65,40ba11d88eb4feadb2e0c908bc8c2063182ad2370e7bc3639c4a7f23375f33b5,0
724,14690,Application_2116081318,1,20,b3b83aa84f5d889e4a12342d16fc535f7e0a76d402e3903450c1c65b1537f38c,0
725,8854,Application_1115931571,1,83,b6a79e85f49b0033dbe524a41aa518ca898c4a1e5b56b1c777e4bcfd2453c893,0
726,20160,Application_347235748,2,37,4dbc3e4ff2291731fce74e19a3a44724d4ff84a7801dfa43a99fbf07133dcc31,0
727,11729,Application_2113657853,5,34,e37269110bfc8d2510926abab20c01f7cebccd3ee7e2275a0ceb679a7c2f94f1,0
728,9371,Application_215182354,3,34,ba391727b88eb60136bba908cfe6531851f08f4d69268fbfcb87963b43fff456,0
729,11568,Application_378877992,1,31,0f3b1c189fb01b1bad64e63da84b495d90e2ecef1456777792e1c310f008f546,0
730,21294,Application_762451505,3,23,8b3a974262ba24c420a6164483f5dcf29d071f7b1dd123713f4e7113e3557a1d,0
731,8386,Application_1541539359,1,54,eb9975d4fb3945b74fac807fb047be1f2bf79a11491a8affb07a1487e09d04c0,0
732,16233,Application_1981885050,1,58,d061488bad2affb03cc5e1ff8879a5888f3d86b982f2ee706f35d03425679e12,0
733,3014,Application_1225343300,1,67,ff936f8d3fbe177e0c228a181062f5895bec0224dcb7c513e75d5fd33f4841a0,0
734,4982,Application_1138098319,1,37,af10f1444cb5b784e86201b82bdb6a2ebb5c0a607d8ebfcecfb9ed678e25ed44,0
735,12086,Application_1784944853,1,62,385dd2a956ecf8c3b3c522103c725febfa313c01ceff3df58662d2f8d2f65f74,0
736,20104,Application_1394170097,1,46,493d2ec2204a9875f8e5d750c96b113c5c5069bfebb65e47e1cb493d83496377,0
737,30338,Application_1974968061,1,57,4c4a9372568a1769aa51ba8009617777edb5e2d3643a6d4fe24b6c60b7257388,0
738,10886,Application_840426240,2,41,c10277c2b23999074ccfcc2be9efe461217c9777e6deec8f437e550a6fd2c50b,0
739,20567,Application_1621523623,1,32,73f5d510db447f3b552c7626b6d38e09e674c2644985bea4792fc6ab2394a240,0
740,23336,Application_1996834612,1,42,c356ee11b7f12b916355e256c27332fd0cc1fcea11dd5b6839a560c0fa560b35,0
741,28979,Application_1187942887,1,78,6c58eb616d77a0cae5343e2ad4dde0d12e8b0ab4d1156b0ccaf93449bffdabf8,0
742,4419,Application_1781705604,1,61,1ccdb9594f3056831f628bc8d2470a6f7fdc8225f216b9ae240a6a34b7b040ca,0
743,18315,Application_1525849944,1,89,e6a27c64f8a1a807666c86398d4ac72cf7fb20f1384066e6e704e02a2afb22ab,0
744,16708,Application_385192314,1,49,656e0345ded9307877e48ae4c0f2c3b04c64bdb3fba52ea6cafcb96793730034,0
745,8552,Application_586220850,2,48,131ec8aaddedc3d7ee2f7b0b6950c7ca9bc15344dff165fe2aa93d1fd589173a,0
746,11664,Application_654342614,1,49,848acb69df37fcef096791bf53a38a19115fbea8c4c58ce579003504c91eb830,0
747,16016,Application_1339897527,1,48,ce03cc98af6a71cc1e626682047b26c23c630962723621e9b152f3728058eae7,0
748,26518,Application_888343256,1,33,3d21a6602fa8157fdafe37905ea8d8d7f1fe065f6655a1fd4d47960172a1f446,0
749,7,Application_1266995739,1,51,20f35b89f6e0180b0b49c90a7261f48a4794bd8f280cb7af102929768f3872fa,0
750,8652,Application_656995606,1,36,4bd99814d8560f138006ab0df62269a28d49d960250ce0f63a29b6708794aa68,0
751,8080,Application_879782268,1,26,b0844c81afeb76e8779bc07d5a0b0fcf2f111384672427fe37857bc5cbae93d4,0
752,5529,Application_1238932261,1,46,0da15199a6ee03d40fb9408c5bdb6174b810740954d4e3a736889f8c019f3d0c,0
753,12389,Application_1072909195,1,59,bb00660ae9585a3c7c3310d849ed273aed18c7f4990114c08c4587340f0773e4,0
754,24741,Application_714378768,1,35,e88dd053f58901e78f5f8ff1b392e110fe6929b29982f2752cb94e4293538a33,0
755,17072,Application_1747462957,1,71,ca002a48d61daad83f48f6e044df06699315dffe8bd2f49dffdc5539b17c0a6b,0
756,18009,Application_871919055,1,44,02c8eab37409904aafb3b5143c3a8f4b002a74976c818ac9957d0b54ea18a4ed,0
757,19758,Application_1220926209,1,64,a31cbbb4ece9a60b0909d6122f6bc43bdd14824df816a37ddc249f0c8f4898fa,0
758,9253,Application_1430096497,1,51,c28228a124bcc26c126eb2818eb1bb8ccc54ac26af50b2e8e3a93c984a063b3a,0
759,13517,Application_1797187489,1,80,bf4f619f08edf962e83cfa23bb1ca93f6dd7c9a2026b9e3c61a455e3f4420516,0
760,12771,Application_1686100974,1,36,f6f8f1753e980ddda1bc696d9de72eaa483a95b2db63e8014954708bcbb75452,0
761,12780,Application_386274528,5,38,8c6ed28adf50f5bdaf8942658b71e1a35d4badf473dcd58b098c07c7641322aa,0
762,20501,Application_560224082,1,43,7ff69b28a5d00000da3e7580ccefc369f36b252e238ce415237c46659a20e88c,0
763,5676,Application_983471579,1,31,817e34d56e74e6b4d16dd68bc7fb2eb2dbfd38479d00a33b9251adc615257718,0
764,14814,Application_905377894,2,50,1efe42b0cc5cd5f24578b385b71d248a207da615d47555d24c69734ce14e7ca6,0
765,13778,Application_83237332,2,42,da9e172804bc6f3f5b44bddea048c9eef5bcbd4c926dc263e972405d260ac873,0
766,25059,Application_963485644,1,42,255b395140f4a21ea25190d9ee087b18f2765db3adf6ab9aad85142b32e6ae47,0
767,28916,Application_535108628,1,40,d9ef2feffbea3f6423cddfe02f55f89f42a2850cea9794599fd6154c98149c76,0
768,31075,Application_299430656,1,37,d28720a6ad1102f9c4a9adf5f3d926fb0642774ad650402cc8dbffdfaffcca33,0
769,25144,Application_1357377502,1,37,ccbda480892c9e5237fd264269150d72cd0363283164b6bbe77e087d13c2dc8b,0
770,22897,Application_1125858300,2,53,109011c5732f19f64f744fa8e164a8b983b44fe943f06e31e7fe1fd70431f113,0
771,4292,Application_100034150,1,55,6ef986ece40f02a72205befc87918cc32e0b43fe8df3df4c4dc4dad64f7ec3ab,0
772,19896,Application_1215293683,1,39,a2963228919e65712fc2aaa290ff124246d9c15bb651394be1ccf01341682ae1,0
773,1872,Application_1022701559,1,36,b0d1576a570a5e56ad927adb6eaeb4d98d6e039533b508011ba3036bcbd953df,0
774,7978,Application_1103861368,1,76,2e1fc17758caa3892d5b5369498c59b3a885c42e3a9abd182dbe414abf17eb29,0
775,14940,Application_180324511,1,35,b7f25fdfd2a07c459348a40faf731f30112c4501b830f492e315495589495199,0
776,20075,Application_1399913342,1,26,2aaf2376a0396068a450c6b62e16741510a4f03b821c43cbe5df616807455753,0
777,18973,Application_444439696,1,28,4441ccca8e5ef1bcbe44e4b85dce339131afddc42f500216b7ce0618f2443981,0
778,18469,Application_1879538696,2,30,1d546707d0280fa4e36b0c5e225ee8d3050c6fa740bbe0ea8715b6bf3709598d,0
779,9648,Application_782887729,5,37,380f135a658127ccc670357edb07b9ab76e6b2643fdd813216f695fc758321ab,0
780,2090,Application_551059309,1,43,fa32f5f9dc66af4e7d40460e1a45aa700039cb6b7b4dbe09f1a8b381d56da1cf,0
781,25960,Application_1594317140,1,33,3179c587b1d5b97e65cac17983753662101080f86f7a63573c29844f7159bb54,0
782,30792,Application_123758220,1,84,13c126207dd6fed915f1ef741d58c4a0a363276402b641db28819950d074c6d3,0
783,23442,Application_1065574295,1,52,9fd8accf737d9c5f12c7017e521b126b2d80891f7c251b60e8e44c4aa58b3137,0
784,6426,Application_417673245,2,33,cfdacac35d900ecfa6f70e51834fb9db0de84618c03e2c93c43ad7f456cca85b,0
785,20378,Application_818988550,1,40,fc72e22c4fbfe79cc6b1e618b4f399ad1fc8a8839c3d593a7d1a80b5cb0dae1b,0
786,8884,Application_259138296,1,58,a5f55d64f39c90c78d5687d25a1465cbf266173fe93e7ada0a76ce318b6ac62b,0
787,6085,Application_727422444,1,45,47bf590a121185732a4bfd6d697eca18874a631d85b377139aa8ef8cf376ca55,0
788,25516,Application_2047886665,1,51,103ba7971edd478fac5f482c6d6c94fc3a91bd2139086e0725a906b61425845c,0
789,5197,Application_1837402244,1,28,9ce25c8211a95744726b145dbde45974e40f7911a22289e503050d20e6358805,0
790,3610,Application_711527003,1,38,6d0ef9bed3270f1296fe99640eb1999d929ea5e18426e72404dd33c651f2fa2e,0
791,466,Application_669100042,1,51,2eed133c3bc3aed5c16c4e21b0c72b705d808a521f750cd3a79ba5118099515e,0
792,933,Application_112781124,1,51,1e34d313d87f028c8a6f9a3ec9ac92d97feef9ea6480b492eae002eacac774e3,0
793,6743,Application_684944068,1,37,bb3892da13ff7a8d0baaee9e34aec131391a787954e1b68085da9fbf31014305,0
794,13831,Application_76253247,1,35,09e4d7ad0f525b318421ac9267496deb9497c54f081c43cc424fe7acadc4de98,0
795,18188,Application_2014680207,1,34,7bce260ab0b06b364ced5ef4197c088501c12794e5f15a3b283ce04fee456464,0
796,27076,Application_1313489992,1,44,03dcad5a685a539026b57cb464232aacf0e8815a6f39428357611264920d60f0,0
797,24075,Application_1597023499,1,52,bcd454324a5e1814297be3a900793fc0356188e033c00a4e4f6e51431265daff,0
798,1600,Application_1649230612,21,29,19afde2dac9f95be42edd45d5a35590c3bc05ad8273bf75dfce59efa910e60d6,0
799,13212,Application_156712942,1,55,9db65754f9b01fd6527ce2e04bb770ec1c59afac2feee2de84510da39df81ed8,0
800,11906,Application_1023172078,1,27,977f3b6af03750a171d430605ee857a39a4c90a9ae38a90080311cac21649bef,0
801,28393,Application_373749624,1,74,f826355b8eb8965ac273c92de2682437455db56d39a273cfd1f75a163df9c954,0
802,18838,Application_822332970,1,84,ded554a1a077238fe2abcfae3fc3d1a2fea9e655ead579ef49d77cfa2e0b660e,0
803,16913,Application_1875855435,1,48,0af8b8173d26b385025f89929a043da1ebcf211b3775f5cbb498d998d13b00a0,0
804,5062,Application_20502706,5,24,e371cedf49e83120033feb1d28f4382a74a173fa4d88c68a7a56be45c02cbe4a,0
805,22173,Application_1400293382,1,44,ae4f3ce5f131184f634da5b4d765785932f429625ca06ccdf8a524aca42be4b9,0
806,21264,Application_2136464858,1,50,8e17780f4db0df180790b81e974730a488f57ce6f60359defb80ee2ee6b09770,0
807,11027,Application_161175780,3,28,4f9858c22320cce87545e96ff333a77e135931d8d486ac4d14989ac2f6c32bf9,0
808,14375,Application_942482297,1,25,b3bac0911d901bd287e46d56ae0b2c10a56ff7b62ef4ab2ecafde6b15e8ae577,0
809,11499,Application_997702297,1,39,0ce58f2fd6bbf7bd7624ecfe6778c779945426b7e637e01b89e621ffb465f0c9,0
810,6710,Application_281233449,1,46,493bc10bda75eeb8fbd7b7fbea42244c23b2828dbc6b9a745050f59d1b44c44c,0
811,3618,Application_1999947809,1,35,2201a7aea2a319199f3f03534cfeadc2f5f7d14a3e7f433e96fbabfabb97fa6d,0
812,19799,Application_1606801839,1,55,2ff12b783b883f07b4f7857f272c14109851592f6a7d89ac4de148dc0f8440e1,0
813,20961,Application_1969647067,1,75,cc5a2c557152338b4e9ad139489eebded619565ef174af2b8d0ecdf726f8e279,0
814,100,Application_268676496,1,48,eb48b8f7b3f85bc44b7ae7a5d80cd8c454ffc2f0e9964a17869e433bb516ba24,0
815,28652,Application_1044938448,1,38,85a37237144151944a345faaae4b73ed6ec13a35559009209f53becd269a7b3a,0
816,23436,Application_625857025,1,33,c3b2d4529a177cd52560b9def1849ebbc8cf4994c05ae7c89c9f36b4d8e26f34,0
817,27467,Application_1797276682,1,47,eddf178e8cfbf4df4c06c5de4cf98248a221a6ee8f119f99fad97aac64a6f147,0
818,24128,Application_2059632280,2,36,da3c4910e4c19ac17199eeb0ce486397a8dbdb6faec47d1b0ee21312570141de,0
819,2409,Application_40217413,1,58,97132c64b5a7af78371a57d5b24c7ee65e34b3f7da6623162996c9a99614f77a,0
820,24446,Application_407461155,1,45,fd7419fb09abddfc05efd074a278fed4ab7ad2f8d969e7dc4e416d9f4ba81042,0
821,12240,Application_463742835,1,69,1ac929ae88edb0ccd502e6d1b57316513ec501618474c2a2c87b5fc32d44c572,0
822,5870,Application_130143551,1,45,c9f5328809f34f889b960888167218290f3967624f870213fa9c46108763a8c8,0
823,4475,Application_2137234048,1,30,d507d9212dacb2356c80bb160c5338544a14e27eda8de58cac5357b39097d4e6,0
824,25435,Application_2056174200,1,53,1a82a0382bd5c62e62ce978f4134f8f1848a9c6260fdce99d838b23ffd571959,0
825,31001,Application_403050246,1,42,961a64c219dfd366cbd3e4f2be124f26a02cc4827f33667104601596620e4fba,0
826,21248,Application_103779859,1,29,7acd1ca2b147cc56e1a9e28eb62200ebed035eb18161acb50381e0fa2cb6e6b8,0
827,15010,Application_1036829662,1,67,550e55df3ba50c0c93b161a8ccbde0df26a0bf1cc3f948add33f4cd0fde5ed72,0
828,13502,Application_535600946,1,43,696b1b8614ed70116587424f842f29c2db6bedf601aebf05254662041038cef6,0
829,1037,Application_32948449,1,52,c3a6460c3b535dfc59a1234e589d0f952612570a30178be960dbf6684e5ea9b0,0
830,16336,Application_45194543,1,66,daa0c8dbac1443c7557d5d0f6ecfc601d7ad1553efe20d7089cce96b771e0808,0
831,6880,Application_232032104,3,30,1f8ff0e3844ecf3d8081be88f4e32dcfdff77306bd60a6dc62fc4e934f8eb1dc,0
832,29481,Application_1272241720,1,42,5d3c2528bc4f4ceed623b78a38d8c4666958c1cfcc8779022cc2f1e39e24b7a0,0
833,27031,Application_1961369857,2,61,6e06541a088cea588e62033c9c36b6883862cfe4f517fcabaf5103a94eab9d39,0
834,2832,Application_1059902505,1,85,dd3f68720450bb73a28794acf41b7729f6799b6ca0282ae1494a912a405a0721,0
835,13247,Application_1416056330,1,46,55567cd0f689a68769225e704ab4cb7b0e5cc586ccd605dcd206a1a6110bbb6d,0
836,3184,Application_362700369,1,38,ecf3d962a4163c5b694192755a27774330dcb35f697acc7f1d1ac056f59fa6ba,0
837,25325,Application_1416635588,1,30,26f57b45ec20f3a2868542587ebf8048b2b24cd9f9562f8fbd5ee574a1d7c731,0
838,13504,Application_914375771,1,57,72d9ea4c9a0e03f20ccc8629753afc943f3b808e2340b415f8288c9a833fe761,0
839,20189,Application_1492898109,1,31,a284f785a06bc42f0053d99a82852c9189bb88c3418976b61c8ce00684593c49,0
840,15444,Application_1467406201,1,44,fccc6267bde6ebe08bef5cd6da2c549d6b9d62b4cf6c66af6d272f65d5e6d7c6,0
841,16380,Application_371936902,1,71,2c15e27a4804a4b4e7a94e6000b2843aa8f456c7f5d47f49f00e72af45eb74ec,0
842,17588,Application_2061495461,4,41,55f35c2586b74864d8426f041637791033bee5dd69034c7b13bbdcef7ea41008,0
843,9094,Application_1890584729,1,49,2193f031f35cc734d44c888de112931e805da8d3220a422fd63c828319052c7a,0
844,30723,Application_91404010,1,76,bc8f4e791d268056275c68dad5393749b8bd77a64280cf19b79f4bbb3d45fc18,0
845,28605,Application_254178417,1,51,9ff94c6fdf666cf6f5f59a4c3bc181a476e9e38aaeadaf3263fd5129da629dda,0
846,12797,Application_275320147,2,34,1e8191faa809e70219822f532d23b64c11295322f71049bbeadbfa33171b223b,0
847,18224,Application_1223849909,1,58,d86eedfe29c3a7cab5bb9901a73555cd983617543e0c96c90ddaf3d19f2872a3,0
848,25833,Application_604648984,1,40,4d2733af67d2da77797bbdbd04f439f988937ba718e7fcd121b59e6b9aef4a33,0
849,22218,Application_634640665,1,43,92e1633e42d232afb16c34e95ff840c3542171775bbeefc737d248aa9d7f75fe,0
850,28624,Application_622978094,1,50,77c1ff3f25a61b9bfb43e878234640eaa2e95e4793102b621d04539a615be019,0
851,14632,Application_2108766464,1,50,2c10115baccdd8597a1937c856dd5a8459212c291e398c84da9465b44790137c,0
852,12288,Application_1465077771,1,56,9f65d9e3658763d80fb6bd7e829070901741e9adb289d4ee5133ed39412afd3e,0
853,26424,Application_1612709587,1,39,c4a66a4d24bc8bd592ce94f2412a1f0dcacb057dff943b7eb2f9e0263953ebe0,0
854,29104,Application_1736189273,1,73,9dedf26317fa2e6847c01d4cba6e80ab2eff38fea58f1c12f14f3a762c3f0fad,0
855,16015,Application_1201885222,1,35,14b841d2c1fdb45f40a1bf8789d3dac329127140c83029f90600b15f2e3c66e7,0
856,12895,Application_1710992907,1,52,2839d0010b418041226eb86db4aa9cc5a0d40e1c310aae8dd25349a1e63d6e4f,0
857,28798,Application_1495588845,1,49,d73ee3b4027c94143f6cd7c5e333189f92a01c91b15b579bdb7399efdca81017,0
858,3972,Application_689174769,2,36,be5b770a0913114cf775d11a44e75a8d7ebdcb68ef94b00b929ceed818ab9ef7,0
859,23184,Application_1709214037,1,37,224e8f452fa888de9a9d73079b31fe1487639594782ac7b04fd982bc970dd153,0
860,27514,Application_99210081,1,69,54e594119e005eb7b7c55ee380e13114c1c98e8020ed90db4ffb1d588e47df00,0
861,13820,Application_869697161,1,43,49ad45ead9b65e54a071e7b052529ef0106e7ddc6480833703d787abcf68d36e,0
862,13036,Application_2002505427,1,42,6113bd00ef942aa41399850059b61549cf9b3da303e51ce63e178a6fe3a27c80,0
863,7209,Application_1282162851,1,42,0de061e5e836c21a26373703a4707d53fd336adf6205cca796e73682e6cb4562,0
864,23460,Application_986494814,1,58,105e00cf956ff4a1cbcde8bedae608ead6841b0bd98ba297a69d2f6d61bb7300,0
865,6819,Application_898423994,4,42,7030805a014800134e65012afa95912c8e85f886c7c25ce0bd96408a1284a7e0,0
866,26740,Application_1560705000,1,30,9b76d45223892299f94e6b24cdbce35b782eedea8150115a91f57086aa64de70,0
867,19164,Application_896328675,1,70,cf3d18cabaa201dfed4d481936eb376bc5c1e7ca2c9dc74c2cbae0dbbf870084,0
868,7768,Application_1390103774,1,59,3540aef9f50fa4722d389255b21ea6270350cf6597273d99da639f13425e4eca,0
869,24408,Application_1175285346,1,54,8a24db3af92ab9cd57d9832534f494934a0ee2bff1a8c8080c9e1e2739e64de2,0
870,15114,Application_214938001,1,39,480cfcb94a71ab2ad34fed18766ebb5eaecc7a0893024e4c52bc390c7e9e52c2,0
871,14106,Application_1083551978,1,42,17a99216c134a806149c3d345043ec9a6ec7245f5d470a592ce8cba8282424ff,0
872,18747,Application_1377652053,1,31,1ee3f9c6e690d0d60b548e65b6b314e7bfb517fcb175267b7ebc8c2b8742ce8d,0
873,6565,Application_1905641443,1,71,2e68a0921373c67e55b2e0849e543186eb18795d55e26805e0a4739f5f6adda6,0
874,7696,Application_986570206,2,59,af11760e7e080138614de559ad0df1de8ed7ebfd1f780fc9a1a5db5068f34c1a,0
875,12692,Application_1710790959,1,52,3791fdba2db758802f578b19c798f153f887e9526d87eb6c09bf30f3f9682695,0
876,1698,Application_248922690,1,38,bcbb3987617245cb28821e3960ced3c6cb9f5f064dfc4b8d415f63b406ac5142,0
877,21960,Application_774518756,1,67,82e5b03600e5eaf7be20fbe647fca0f176f81e6235e61b38419c940906926a80,0
878,8037,Application_890690489,1,34,85ba3ca8651e8a3f17425bcebf0a0dbb096ccd58fb5b49cac3fe40bb0787ab88,0
879,6412,Application_563383361,1,35,f9562e7545de626837b77d6b58b2eb0870ba31a9b1f2023d1a87a70df3c14d39,0
880,7611,Application_1309291557,3,38,ab215e7d2c8f3a641aaee04a85c5d00d600b1deeb2c28c5f357898f66fbfbad8,0
881,9664,Application_1690164043,1,40,1fa79e26bbdb914c9d6d21d23559cef0fae2d2963b1c7af55f1a5e0ee08110fa,0
882,9173,Application_1740336453,1,46,fe76a2c23c01fc68b2355d990e42e82675f9b639a8d34ecea28dbf1e6ba0f6fd,0
883,28670,Application_1120157210,1,83,075e6c6bc8aad55f4af17676d6cb3fdafe385a4854e5e61d2172533055c9b7f5,0
884,15749,Application_1802608036,1,51,cf9975d68aeaa1fcc4438681ad757e9b6ae631a5732f9abd527364e5c052134f,0
885,1772,Application_188816688,1,40,93577c054aa7c1ab7f7d15ce838cd04e377b6aa9e6163c5723fe5ba063486459,0
886,3334,Application_508356144,1,35,29867554fb7255f99e250440b0ec64e622e5fe29859a347a247a57dddb637491,0
887,3722,Application_1257815724,1,37,92011dbb6799dfc4ee5b0e110eab21d70b489c71b051bc84cacac73458eb471c,0
888,6305,Application_2131402595,1,80,911db423a78a3684e68d5a19063dde1f322f06bcfc3a121b4dc86834dcd469ed,0
889,10999,Application_1133030829,1,92,404ae43cc7c0f0c31bc464d05be8b447ecb39405cb3dd9c9e7e3b0882197662c,0
890,21169,Application_985917358,1,48,71ea6f7fd07e60525129491d5b38b83d252ae1a166cec88ccb62eb1700000b3c,0
891,3781,Application_770788144,1,66,37b132dce1c41fc8c8899f72e76b08b17defacef827da013c40845421ee6c9ee,0
892,21661,Application_2024229345,1,17,247a6db0c72f9acdb1c8f06aa51e831ac4a8b3dc33f7622cbd7c9087ff0842d2,0
893,5684,Application_438379970,1,62,4d118be8100fd3e0200eb98e73930a56d6c9a709f7911207d1aebd44d2d3d4f8,0
894,1391,Application_1893449548,1,88,7cca6a04a3a88190d8509794b97cc3fdc58f87f6033b4b329b118d628486d149,0
895,11926,Application_995868026,1,38,89dd469c2e66b615a68e7d9ab461b268663af146a767d4a6f7f1a6e3cf91a08a,0
896,11709,Application_1817442788,1,76,d1aea0e19100dfd1246e21d23853bca5d1505a4800ef8e22218d948dca92beb5,0
897,9520,Application_1894036309,3,34,426230c12acc71f86b293884a26a62d4b39d7add030bd2cbc6d0b7385fbe6cfb,0
898,15829,Application_1669332371,1,30,b500efa454a8d5e02d90629d7192b29623761d33773c16b1fd76664d81cc3231,0
899,13546,Application_1080076277,1,53,a0ebfd2919545d29472617871f3f1603a39bf6c0f533c049466da676aa1049cb,0
900,11956,Application_840962107,1,78,e6eb57763c42f27a936922ab5b7c792d766ec26c527e84f3188ddb5a9f0c3505,0
901,1338,Application_1550524830,11,31,11ca8dd05b772c709f4594e50e86769d5a266f482c62905889f09d0eeab9e8eb,0
902,5421,Application_1894510820,1,51,517fc1a280d24149dfe527b88e9c3e4ece10e2c24d90e79fa0751d6f1769d102,0
903,26497,Application_309095903,1,43,0edd7aebe7165ce5a35ed0c2e3f4c4647c394cbc5629ddbae16b92ffb9ad2003,0
904,12079,Application_1429560725,1,49,847f24a224ee2a36f90d8e972ac324894b61e6769f32839e01e3c1b816262f6e,0
905,11197,Application_2146549572,1,56,cf1021716bda2cf3038b183cf5a77630be3af837afc79282790b7429ef4d49a8,0
906,29042,Application_1921969224,1,43,43c8725d519f8d2f0684845ca4552565d90180a0357850229e60670f241620a9,0
907,24119,Application_1403759473,1,42,f83a57efd3866207a0cf42a25eba942737bf5e4819df6f6cf0abeaba269d9b79,0
908,17202,Application_189048217,1,64,7b6cebfab044c84b08411ede3e7ac7f97e59b3f1d2f3d2c300943340575b91c2,0
909,30570,Application_1422566899,1,46,666050015f9065b450ca4eeba9a089dce939270275d5e9488801ae2d0fd795c1,0
910,21234,Application_650187004,1,39,d8bcdc349c5090c3a90b0d351a0ae0c145b2ec66c383b748801c3f0a4a5ccb81,0
911,366,Application_681276588,1,32,cae4957190b994cb02f0049e1d56c44679ed6f05af2c7be2a91212973b7045d8,0
912,27330,Application_508615021,1,30,80122f3bfe5bf0425ffbd958a56e77c1437e8841461b74b7142b99ff00f2a35f,0
913,28205,Application_1965289028,1,38,57a6ecf12f35cfc11d5d2ab702f47b0c8d559fd8d6ea4bdade0b1331711633e7,0
914,23967,Application_816597475,1,52,b284ff6c4c35e88db3463da9ea13440a2478e5cf247c994b0beaa0014b7b04dd,0
915,16914,Application_19986585,1,58,3bba61d2793e7c423275c50d74c70d851b2551ccfbba2d497f3013786db4d76e,0
916,10920,Application_305127122,1,34,8ab8a43f5fb9cd21d9628deac617a02eee4cb24f0c78dfd686baaa1fc9c3edd8,0
917,13880,Application_2003540327,1,42,6ee44fcd14ea9f1662340fe3dfb0ed608edaba270e844ca190dad69aae32beeb,0
918,108,Application_93597308,1,60,9ac40170541e8156c3820f5e75b3968060955a81c96d3927361e05582e240fb5,0
919,30434,Application_390553107,1,61,1d53118652d668fa54db0dfc6774448ed4259a12655bab40c406f5c22bfad2fe,0
920,10119,Application_1684875314,1,53,32f86fbf379f069b7bf9bc4cb4e25b4eb025d7557f4660ea618089f4363096e5,0
921,8484,Application_871251765,1,38,6817f1787c3e41a56939d72eed7cf0dde05b7d368316d1a1bb19ab9d271c72fe,0
922,23522,Application_927374141,1,37,846a5a9ac8c118612f7e637b4dc5f27d9284621ee48b75381316ff7b4c948b89,0
923,11215,Application_107477185,1,70,82ae6cb10de2508d6c4d02eb9e92433787da20e05dc9551dd4eec8aab09a34f5,0
924,27222,Application_1992033392,1,41,4393285f72fdf178fedbeb166dba68b81646a5a80e062a5a534956790ebd2f57,0
925,28611,Application_1151018525,1,56,79a0f333212a187366887f5b8416a968294dece75fe523799a0a68f627cc45fb,0
926,30845,Application_2089121798,1,54,885f3d7e4ce7113ebb88ad2cff22449b3a8be8b5f6d19de0d9d5e494c25190f1,0
927,26579,Application_1764734609,1,44,2a1768830e1365a1449c60e99a3fcb224a112abf83765a52ceffade93bbe1d3c,0
928,12051,Application_1450069498,4,36,88ffc8bfb1b1bea02cb65352a3f3dec071142fae6a9032e8bd437e4fe02f0996,0
929,15705,Application_362903716,1,56,70a03f683bda0a0c7c9600da886895d0e67716d2f81b49d35c30fda34f3a3f8d,0
930,23314,Application_186264451,1,52,b06ff448c601240bd5134f0eef0e320a2f75e230384f68bc390cbb74b5c044f0,0
931,22862,Application_1245828926,1,28,753e51e7063e841960df8e3040bb8d7e6f5679acea4a678ef4a9cafb7e9b6692,0
932,15960,Application_1729908527,1,55,9dd53e678f5ee8ef09500042bc5a31162874b294f61483c03571f02c96f3b767,0
933,17878,Application_215707926,1,64,9372b342a59d3ceded71c4b4ff1b77e67a424ca506336b478fe05b5257917be8,0
934,5953,Application_177974649,1,101,32bb5b9d0a2c1a9ea93ad9662cf07dd9bdd78669ddfc8ff2ac9ec4ccfcb06426,0
935,14207,Application_527005328,1,55,c3ed3fd4fded2ccbcabcf080f096054e9dddcac0369ecb8360b07c7b17aa80b4,0
936,5887,Application_2041417321,1,39,33e0079579e9b7df056fa0fa307c8dd570a59e5ef0b996c998c9097c2e9cc513,0
937,7648,Application_1319604095,1,75,94491aa9cf3ac834eab0f79d0f9f59c3be291388e047762bd56b4531fe18297b,0
938,12558,Application_1046880148,1,43,269982e44ff6ef8a946724e9ac3e2bfe4fa420fa87a8aae7c8751716ab65aa1d,0
939,548,Application_629724157,3,43,b5d7d509e55068e8379dded4239576a2268840008b049c0119721d6cf453aab0,0
940,11179,Application_1459681375,1,132,a1af2447304c721f4df7c2a6f673919b5e81124a4d1df0f7a50f8d1a28fce0b6,0
941,9671,Application_808610551,1,44,7b3a2e238fe553e08f96e88ad4082634e9a1f66cd59df0cd2f524d26a8cb3410,0
942,20238,Application_1870361968,1,42,5dd7e2970107ef9cca1f5e1e3d41a2dc5c6f9b9522b46b92347bbcef8f0a740e,0
943,20664,Application_891766920,1,39,5ebd5222bfbe4ba601e7a48f631486c2cdb7cb943dd5af4fc709262799448a6f,0
944,25226,Application_398311287,1,45,3055e6a2f2fb4f5b39804c1f2f1f6d29355163e409beee60ff9cb5ccfd20be01,0
945,11619,Application_186782886,7,42,80b000629bf939cd3ed1ed49f269d20fe6b70fb9b738f7dc02112e5c10dd9e5d,0
946,22411,Application_1132386159,1,54,a8d8cfa06395a538e9a1e8ecee945493914f1f8953956e14e2ad764684c6d276,0
947,4156,Application_1373118338,1,55,5c60028604d2b9add1baf2912e6c75fb71a8f17f662151dd5dfd8d41d091f276,0
948,26756,Application_731054531,1,48,a06d320e4224013897ad02690d0a93be3c4459e103dd3526eedda7f7d3d83004,0
949,13595,Application_2072884912,1,55,3b356978f095345bb4076d59878873eda3356f9671a6e3c11e3548c1e2bf3e12,0
950,29547,Application_804976669,1,61,42051c347515f498dc3130c7e744247c8cf64b1a9042bfe3902e75d08402266d,0
951,3026,Application_858441351,1,56,c9d50ba4026b09975e6c21efdbf79a58e8e7baef97ba012293094d53f1e0262a,0
952,18563,Application_1227954317,1,41,ef169ac20c84a2702f54e294a0f752c25838dab940ec75e1019f778bb24855f4,0
953,511,Application_1661120161,5,33,2867c8943f7b83497e5e7484d560a97bb6348a3c93057ef4f34406769eb32abd,0
954,29106,Application_1774695082,1,70,f2699613f8ae8fa75fa9f9e5c55bc2f0a82920979c9717bf2f07c1e4a966df4e,0
955,11334,Application_1166516399,1,51,72a3be822a02f1b869fe6fb1e7830ecc4fd73261f913635935ae17e4e4c98da1,0
956,17467,Application_947252991,4,49,71bed2d3cb0fdf2129ad269115ab7ee8f08c86d089dffa2d26718a7604db10b6,0
957,16540,Application_1796660585,1,40,b1cde3a59fa5d4c68774a838e4d2964faef820dafae8842f2960835f0e5c1a0d,0
958,20038,Application_131798866,1,40,a9f9683336bc0279ae6291c57a032a7bbde374926c24468699a2a02ca8e51298,0
959,515,Application_1814433442,1,52,805e42ae2654b5b0e6423f24e2bb2e080d3b790b4b95e04f17573aecfafc1c46,0
960,1849,Application_1916112762,1,53,5a0d1a4fc3ff255ab80731c3fc895844a5b3153b80253002409dbf9a8f6419d9,0
961,19329,Application_394778745,1,35,c412f900d797aaae165158e2dae5ff7591aabbe0717b0ba73a870f82837e5252,0
962,12344,Application_150713663,1,91,34ae0d0a214ae0a004a800bc7d0b32f243029785b221b84019bdd113fa029d3d,0
963,3243,Application_1532124749,1,44,318b79825f9a19de8bee383d16b04e05cd9aa67210ff36d9e90544489c1f5141,0
964,27729,Application_1205789692,1,32,441c870097ecae0b80196b2e92cb03d0c6c418a1c5307497e333a0bca646a6d9,0
965,13409,Application_829574174,5,43,33fda4735068fefd18fcb8394065ec75cf007a6df7d757bc1132172efd975ba7,0
966,4648,Application_385942748,2,34,16be5c213bf9176ffbd1f96843bd1a5e88f2d1f8a9bf794c475034b8dcf242c0,0
967,1038,Application_248235615,1,51,3b12c3184afb595ba3e5c44b8c6de48d8afb21f5a3b6673dd1b2dfdfaa934994,0
968,7235,Application_1722873677,1,69,cc4b4f006fa3b8e6f02539819d99fd0077f4ca03e4ba44f45043fa414337bc6d,0
969,9403,Application_1237702389,2,40,eca8395092991a5399521f14ce2c9d8a7526c07c3698ae99de2a5a324cc2a985,0
970,5588,Application_554608724,1,31,fb47b95882e3c3d5ac54105cb994de7b3b42b6825eb75cbfc497ed766adf5c0f,0
971,13185,Application_1310591125,1,36,e3fd4c2810d6604e7f10b34e2bb46d9ccc1d00ca1b3c70788fbac2ae9349fb70,0
972,9392,Application_958006868,1,60,5ac93d836afa8e837fb24e9f999fc639f25639b03ca39474321be408ef81c4b0,0
973,9712,Application_1859379497,1,135,9409426b0220c238e28e770c590957b8b89b0daa32f7b274fa53550be317097f,0
974,23818,Application_834541803,1,35,43725c870ead155526d17f7249fc9d208dfe2d73cea372d25fe2a89e13080e85,0
975,28171,Application_1238104643,1,57,c6a94294a037d4a6671723a0496f7752673424174dfc1513c84cbdc3bc71e2b1,0
976,7790,Application_1460436329,3,31,8571b6f429e468cd72c16d20341abdbbb474c4b6a1b84391f01bba54ba376e6a,0
977,23467,Application_854858714,1,40,da562811e56f219711f210941659c7c0c488070a3c533197086daefe29fa66ba,0
978,30760,Application_100853745,1,30,66d8c09f07d2afd4dfa2b5f1b91e88ac8a46409b220ec27dbaec70aad5fe08f7,0
979,26471,Application_145403764,1,51,bb755315f1bdb7fe7212be152adefe5d0964facd73bae5dbe9c504a9a80c80c1,0
980,12121,Application_564819308,1,70,42ede417cf596a93554f005699c359836c4f8ca831c7d8ff78262e052bf94f3d,0
981,6982,Application_363955305,1,35,2f70290b7ff49be60217f06c5399969ec502404bfc3a2541c0cdfcafc06fecc1,0
982,26556,Application_1821764746,1,57,a1f5468ef3fa55636d957b3a3485e169a23e900298b862b29058758aa77040d2,0
983,1803,Application_131484513,1,45,affd42cc1eb2a94cdc0ea6eb34c0c27cfd4c6864e8e7ef8f1141d983a9b8a6f4,0
984,13670,Application_888965004,1,43,4c159a66a0df1ad160b551b6f7887fc5081964f9a9e3356464bf3209b50119cd,0
985,363,Application_1945220465,2,35,2db4b8728668ceb62f9d2b846c1234e39ec7fa0319875b68e4364d7719792dc4,0
986,23367,Application_148765534,1,55,49e187291401e9efc5f48bdcbc74b9c904ab811f47097d820ec4489760ef4be1,0
987,1078,Application_642567542,1,58,397e40dcbef2304d13e4efdb8d2170e38d9b2c38ce5d96f84322a1123f3abee5,0
988,30790,Application_1433215421,1,37,041b1f083a67250ef907a68cce1c80930dc73da0761eca8b0c9beaacbf4400b1,0
989,10071,Application_251481063,1,35,4cbad270624d646da771d2e4d8386a62fb224ffdd58555c51a2dfbdc498c8d6d,0
990,6073,Application_1847492658,2,45,dfb98a28c6d92fc4c1b5540aad1fc58323e162b37d0f7d7d3429618242fe155e,0
991,19598,Application_163036129,1,43,a6b4e0e5792d98c927ed656c69348a55d34288cb95764fdc3975e329af1c165a,0
992,1490,Application_158442522,1,73,dc804fa5cc611f23e373529489a2af000f7bc463c7a26ddb0dc0f8e31f2efbb5,0
993,24546,Application_591792207,1,51,397abf044c795aed1d29d7b67051c481c75a31734eb0a8429c3efb9f6529ea6d,0
994,19663,Application_164710414,1,55,40e98efe95953a85f39381d185bbccfa9c7cbdd0e1bee8849b9535c7bc8c76f2,0
995,792,Application_489624309,5,33,189282e2c575cc1153608b175c9c7ef4566b65074bfef9c6bb6b7f46e4fa89ef,0
996,23544,Application_2104538472,1,37,03914b22e48c02772e9fd23959fcb589ae4076aaa2656e21ff8300e545d0443b,0
997,587,Application_1955133403,2,51,ac5a378161de2ef9574bc9152c7b3133657536310d5505ff0197044376969ce9,0
998,30707,Application_206510393,1,41,60e07c9eda3e1b9b8847875cfc90895d3c22ffbff3efccb88492078e937487b2,0
999,6820,Application_479443453,2,41,974c28ec59cfdd3fee737b2c1fcd0ae5bfa435ba05b4ea1af2ab5b23343fac1d,0
1000,5202,Application_1997279628,1,39,c3349cfda2706216dbc9c4894c913868131ee5b148f1fd84d6d36cfe60d76d4c,0
